ID_MUESTRA,ID_MUESTRA_FISICA,ID_NOTAME,TIPO_MUESTRA,LOTE,SECUENCIA_INYECCION,REINO,FILO,CLASE_TAXONOMICA,ORDEN,FAMILIA,GENERO,ESPECIE,NOMBRE_CIENTIFICO,TIPO_PLANTA,CICLO_VIDA,HABITO_CRECIMIENTO,TIPO_CULTIVO,PARTE_ESTUDIADA,ORIGEN_GEOGRAFICO,EDAD_PLANTA,EXPOSICION_LUZ,METODO_EXTRACCION,SOLVENTE_EXTRACCION,MODO_IONIZACION,COLUMNA_CROMATOGRAFICA
100_MB_53_B-2_3_NEG,100_MB_53_B-2_3,ID_100,Sample,BATCH_1,100,Plantae,Tracheophyta,Magnoliopsida,Aquifoliales,Aquifoliaceae,Ilex,guayusa,Ilex guayusa (Loes.),"Arbol (perennifolio, hasta 30 m)",Perenne,Erecto,"Agroforesteria tradicional (chakra), organico, sin fertilizantes/pesticidas sinteticos",Hoja,"Napo, Ecuador - Chakra B (Alto Pano)",Late (8-10 anios),"Shade (-, 0-200 PPFD)","Extraccion asistida por ultrasonido (sonicacion 20 min, diluyente acuoso)",Agua con 2.0% acido formico y 10% acetonitrilo,NEG,ACQUITY UPLC CSH C18 1.7um (3.0x50mm) + VanGuard precolumn
101_MB_54_C+2_2_NEG,101_MB_54_C+2_2,ID_101,Sample,BATCH_1,101,Plantae,Tracheophyta,Magnoliopsida,Aquifoliales,Aquifoliaceae,Ilex,guayusa,Ilex guayusa (Loes.),"Arbol (perennifolio, hasta 30 m)",Perenne,Erecto,"Agroforesteria tradicional (chakra), organico, sin fertilizantes/pesticidas sinteticos",Hoja,"Napo, Ecuador - Chakra C (Alto Tena)",Late (8-10 anios),"Light (+, >=300 PPFD)","Extraccion asistida por ultrasonido (sonicacion 20 min, diluyente acuoso)",Agua con 2.0% acido formico y 10% acetonitrilo,NEG,ACQUITY UPLC CSH C18 1.7um (3.0x50mm) + VanGuard precolumn
102_GC_4_B_NEG,102_GC_4_B,ID_102,SubQC,BATCH_1,102,Plantae,Tracheophyta,Magnoliopsida,Aquifoliales,Aquifoliaceae,Ilex,guayusa,Ilex guayusa (Loes.),"Arbol (perennifolio, hasta 30 m)",Perenne,Erecto,"Agroforesteria tradicional (chakra), organico, sin fertilizantes/pesticidas sinteticos",Hoja,"Napo, Ecuador - Chakra B (Alto Pano)",,,"Extraccion asistida por ultrasonido (sonicacion 20 min, diluyente acuoso)",Agua con 2.0% acido formico y 10% acetonitrilo,NEG,ACQUITY UPLC CSH C18 1.7um (3.0x50mm) + VanGuard precolumn
103_GC_4_2_NEG,103_GC_4_2,ID_103,SubQC,BATCH_1,103,Plantae,Tracheophyta,Magnoliopsida,Aquifoliales,Aquifoliaceae,Ilex,guayusa,Ilex guayusa (Loes.),"Arbol (perennifolio, hasta 30 m)",Perenne,Erecto,"Agroforesteria tradicional (chakra), organico, sin fertilizantes/pesticidas sinteticos",Hoja,,Late (8-10 anios),,"Extraccion asistida por ultrasonido (sonicacion 20 min, diluyente acuoso)",Agua con 2.0% acido formico y 10% acetonitrilo,NEG,ACQUITY UPLC CSH C18 1.7um (3.0x50mm) + VanGuard precolumn
104_GC_4_-_NEG,104_GC_4_-,ID_104,SubQC,BATCH_1,104,Plantae,Tracheophyta,Magnoliopsida,Aquifoliales,Aquifoliaceae,Ilex,guayusa,Ilex guayusa (Loes.),"Arbol (perennifolio, hasta 30 m)",Perenne,Erecto,"Agroforesteria tradicional (chakra), organico, sin fertilizantes/pesticidas sinteticos",Hoja,,,"Shade (-, 0-200 PPFD)","Extraccion asistida por ultrasonido (sonicacion 20 min, diluyente acuoso)",Agua con 2.0% acido formico y 10% acetonitrilo,NEG,ACQUITY UPLC CSH C18 1.7um (3.0x50mm) + VanGuard precolumn
105_GC_4_0_NEG,105_GC_4_0,ID_105,SubQC,BATCH_1,105,Plantae,Tracheophyta,Magnoliopsida,Aquifoliales,Aquifoliaceae,Ilex,guayusa,Ilex guayusa (Loes.),"Arbol (perennifolio, hasta 30 m)",Perenne,Erecto,"Agroforesteria tradicional (chakra), organico, sin fertilizantes/pesticidas sinteticos",Hoja,,Early (4-6 anios),,"Extraccion asistida por ultrasonido (sonicacion 20 min, diluyente acuoso)",Agua con 2.0% acido formico y 10% acetonitrilo,NEG,ACQUITY UPLC CSH C18 1.7um (3.0x50mm) + VanGuard precolumn
106_GC_4_A_NEG,106_GC_4_A,ID_106,SubQC,BATCH_1,106,Plantae,Tracheophyta,Magnoliopsida,Aquifoliales,Aquifoliaceae,Ilex,guayusa,Ilex guayusa (Loes.),"Arbol (perennifolio, hasta 30 m)",Perenne,Erecto,"Agroforesteria tradicional (chakra), organico, sin fertilizantes/pesticidas sinteticos",Hoja,"Napo, Ecuador - Chakra A (Talag)",,,"Extraccion asistida por ultrasonido (sonicacion 20 min, diluyente acuoso)",Agua con 2.0% acido formico y 10% acetonitrilo,NEG,ACQUITY UPLC CSH C18 1.7um (3.0x50mm) + VanGuard precolumn
107_GC_4_C_NEG,107_GC_4_C,ID_107,SubQC,BATCH_1,107,Plantae,Tracheophyta,Magnoliopsida,Aquifoliales,Aquifoliaceae,Ilex,guayusa,Ilex guayusa (Loes.),"Arbol (perennifolio, hasta 30 m)",Perenne,Erecto,"Agroforesteria tradicional (chakra), organico, sin fertilizantes/pesticidas sinteticos",Hoja,"Napo, Ecuador - Chakra C (Alto Tena)",,,"Extraccion asistida por ultrasonido (sonicacion 20 min, diluyente acuoso)",Agua con 2.0% acido formico y 10% acetonitrilo,NEG,ACQUITY UPLC CSH C18 1.7um (3.0x50mm) + VanGuard precolumn
108_POOLED_QC_13_NEG,108_POOLED_QC_13,ID_108,QC,BATCH_1,108,Plantae,Tracheophyta,Magnoliopsida,Aquifoliales,Aquifoliaceae,Ilex,guayusa,Ilex guayusa (Loes.),"Arbol (perennifolio, hasta 30 m)",Perenne,Erecto,"Agroforesteria tradicional (chakra), organico, sin fertilizantes/pesticidas sinteticos",Hoja,,,,"Extraccion asistida por ultrasonido (sonicacion 20 min, diluyente acuoso)",Agua con 2.0% acido formico y 10% acetonitrilo,NEG,ACQUITY UPLC CSH C18 1.7um (3.0x50mm) + VanGuard precolumn
109_GC_4_1_NEG,109_GC_4_1,ID_109,SubQC,BATCH_1,109,Plantae,Tracheophyta,Magnoliopsida,Aquifoliales,Aquifoliaceae,Ilex,guayusa,Ilex guayusa (Loes.),"Arbol (perennifolio, hasta 30 m)",Perenne,Erecto,"Agroforesteria tradicional (chakra), organico, sin fertilizantes/pesticidas sinteticos",Hoja,,Medium (6-8 anios),,"Extraccion asistida por ultrasonido (sonicacion 20 min, diluyente acuoso)",Agua con 2.0% acido formico y 10% acetonitrilo,NEG,ACQUITY UPLC CSH C18 1.7um (3.0x50mm) + VanGuard precolumn
110_GC_4_+_NEG,110_GC_4_+,ID_110,SubQC,BATCH_1,110,Plantae,Tracheophyta,Magnoliopsida,Aquifoliales,Aquifoliaceae,Ilex,guayusa,Ilex guayusa (Loes.),"Arbol (perennifolio, hasta 30 m)",Perenne,Erecto,"Agroforesteria tradicional (chakra), organico, sin fertilizantes/pesticidas sinteticos",Hoja,,,"Light (+, >=300 PPFD)","Extraccion asistida por ultrasonido (sonicacion 20 min, diluyente acuoso)",Agua con 2.0% acido formico y 10% acetonitrilo,NEG,ACQUITY UPLC CSH C18 1.7um (3.0x50mm) + VanGuard precolumn
111_POOLED_QC_14_NEG,111_POOLED_QC_14,ID_111,QC,BATCH_1,111,Plantae,Tracheophyta,Magnoliopsida,Aquifoliales,Aquifoliaceae,Ilex,guayusa,Ilex guayusa (Loes.),"Arbol (perennifolio, hasta 30 m)",Perenne,Erecto,"Agroforesteria tradicional (chakra), organico, sin fertilizantes/pesticidas sinteticos",Hoja,,,,"Extraccion asistida por ultrasonido (sonicacion 20 min, diluyente acuoso)",Agua con 2.0% acido formico y 10% acetonitrilo,NEG,ACQUITY UPLC CSH C18 1.7um (3.0x50mm) + VanGuard precolumn
12_POOLED_QC_1_NEG,12_POOLED_QC_1,ID_12,QC,BATCH_1,12,Plantae,Tracheophyta,Magnoliopsida,Aquifoliales,Aquifoliaceae,Ilex,guayusa,Ilex guayusa (Loes.),"Arbol (perennifolio, hasta 30 m)",Perenne,Erecto,"Agroforesteria tradicional (chakra), organico, sin fertilizantes/pesticidas sinteticos",Hoja,,,,"Extraccion asistida por ultrasonido (sonicacion 20 min, diluyente acuoso)",Agua con 2.0% acido formico y 10% acetonitrilo,NEG,ACQUITY UPLC CSH C18 1.7um (3.0x50mm) + VanGuard precolumn
13_GC_1_A_NEG,13_GC_1_A,ID_13,SubQC,BATCH_1,13,Plantae,Tracheophyta,Magnoliopsida,Aquifoliales,Aquifoliaceae,Ilex,guayusa,Ilex guayusa (Loes.),"Arbol (perennifolio, hasta 30 m)",Perenne,Erecto,"Agroforesteria tradicional (chakra), organico, sin fertilizantes/pesticidas sinteticos",Hoja,"Napo, Ecuador - Chakra A (Talag)",,,"Extraccion asistida por ultrasonido (sonicacion 20 min, diluyente acuoso)",Agua con 2.0% acido formico y 10% acetonitrilo,NEG,ACQUITY UPLC CSH C18 1.7um (3.0x50mm) + VanGuard precolumn
14_POOLED_QC_2_NEG,14_POOLED_QC_2,ID_14,QC,BATCH_1,14,Plantae,Tracheophyta,Magnoliopsida,Aquifoliales,Aquifoliaceae,Ilex,guayusa,Ilex guayusa (Loes.),"Arbol (perennifolio, hasta 30 m)",Perenne,Erecto,"Agroforesteria tradicional (chakra), organico, sin fertilizantes/pesticidas sinteticos",Hoja,,,,"Extraccion asistida por ultrasonido (sonicacion 20 min, diluyente acuoso)",Agua con 2.0% acido formico y 10% acetonitrilo,NEG,ACQUITY UPLC CSH C18 1.7um (3.0x50mm) + VanGuard precolumn
15_GC_1_+_NEG,15_GC_1_+,ID_15,SubQC,BATCH_1,15,Plantae,Tracheophyta,Magnoliopsida,Aquifoliales,Aquifoliaceae,Ilex,guayusa,Ilex guayusa (Loes.),"Arbol (perennifolio, hasta 30 m)",Perenne,Erecto,"Agroforesteria tradicional (chakra), organico, sin fertilizantes/pesticidas sinteticos",Hoja,,,"Light (+, >=300 PPFD)","Extraccion asistida por ultrasonido (sonicacion 20 min, diluyente acuoso)",Agua con 2.0% acido formico y 10% acetonitrilo,NEG,ACQUITY UPLC CSH C18 1.7um (3.0x50mm) + VanGuard precolumn
16_GC_1_1_NEG,16_GC_1_1,ID_16,SubQC,BATCH_1,16,Plantae,Tracheophyta,Magnoliopsida,Aquifoliales,Aquifoliaceae,Ilex,guayusa,Ilex guayusa (Loes.),"Arbol (perennifolio, hasta 30 m)",Perenne,Erecto,"Agroforesteria tradicional (chakra), organico, sin fertilizantes/pesticidas sinteticos",Hoja,,Medium (6-8 anios),,"Extraccion asistida por ultrasonido (sonicacion 20 min, diluyente acuoso)",Agua con 2.0% acido formico y 10% acetonitrilo,NEG,ACQUITY UPLC CSH C18 1.7um (3.0x50mm) + VanGuard precolumn
17_GC_1_2_NEG,17_GC_1_2,ID_17,SubQC,BATCH_1,17,Plantae,Tracheophyta,Magnoliopsida,Aquifoliales,Aquifoliaceae,Ilex,guayusa,Ilex guayusa (Loes.),"Arbol (perennifolio, hasta 30 m)",Perenne,Erecto,"Agroforesteria tradicional (chakra), organico, sin fertilizantes/pesticidas sinteticos",Hoja,,Late (8-10 anios),,"Extraccion asistida por ultrasonido (sonicacion 20 min, diluyente acuoso)",Agua con 2.0% acido formico y 10% acetonitrilo,NEG,ACQUITY UPLC CSH C18 1.7um (3.0x50mm) + VanGuard precolumn
18_GC_1_C_NEG,18_GC_1_C,ID_18,SubQC,BATCH_1,18,Plantae,Tracheophyta,Magnoliopsida,Aquifoliales,Aquifoliaceae,Ilex,guayusa,Ilex guayusa (Loes.),"Arbol (perennifolio, hasta 30 m)",Perenne,Erecto,"Agroforesteria tradicional (chakra), organico, sin fertilizantes/pesticidas sinteticos",Hoja,"Napo, Ecuador - Chakra C (Alto Tena)",,,"Extraccion asistida por ultrasonido (sonicacion 20 min, diluyente acuoso)",Agua con 2.0% acido formico y 10% acetonitrilo,NEG,ACQUITY UPLC CSH C18 1.7um (3.0x50mm) + VanGuard precolumn
19_GC_1_B_NEG,19_GC_1_B,ID_19,SubQC,BATCH_1,19,Plantae,Tracheophyta,Magnoliopsida,Aquifoliales,Aquifoliaceae,Ilex,guayusa,Ilex guayusa (Loes.),"Arbol (perennifolio, hasta 30 m)",Perenne,Erecto,"Agroforesteria tradicional (chakra), organico, sin fertilizantes/pesticidas sinteticos",Hoja,"Napo, Ecuador - Chakra B (Alto Pano)",,,"Extraccion asistida por ultrasonido (sonicacion 20 min, diluyente acuoso)",Agua con 2.0% acido formico y 10% acetonitrilo,NEG,ACQUITY UPLC CSH C18 1.7um (3.0x50mm) + VanGuard precolumn
20_GC_1_-_NEG,20_GC_1_-,ID_20,SubQC,BATCH_1,20,Plantae,Tracheophyta,Magnoliopsida,Aquifoliales,Aquifoliaceae,Ilex,guayusa,Ilex guayusa (Loes.),"Arbol (perennifolio, hasta 30 m)",Perenne,Erecto,"Agroforesteria tradicional (chakra), organico, sin fertilizantes/pesticidas sinteticos",Hoja,,,"Shade (-, 0-200 PPFD)","Extraccion asistida por ultrasonido (sonicacion 20 min, diluyente acuoso)",Agua con 2.0% acido formico y 10% acetonitrilo,NEG,ACQUITY UPLC CSH C18 1.7um (3.0x50mm) + VanGuard precolumn
21_GC_1_0_NEG,21_GC_1_0,ID_21,SubQC,BATCH_1,21,Plantae,Tracheophyta,Magnoliopsida,Aquifoliales,Aquifoliaceae,Ilex,guayusa,Ilex guayusa (Loes.),"Arbol (perennifolio, hasta 30 m)",Perenne,Erecto,"Agroforesteria tradicional (chakra), organico, sin fertilizantes/pesticidas sinteticos",Hoja,,Early (4-6 anios),,"Extraccion asistida por ultrasonido (sonicacion 20 min, diluyente acuoso)",Agua con 2.0% acido formico y 10% acetonitrilo,NEG,ACQUITY UPLC CSH C18 1.7um (3.0x50mm) + VanGuard precolumn
22_MB_1_C-0_1_NEG,22_MB_1_C-0_1,ID_22,Sample,BATCH_1,22,Plantae,Tracheophyta,Magnoliopsida,Aquifoliales,Aquifoliaceae,Ilex,guayusa,Ilex guayusa (Loes.),"Arbol (perennifolio, hasta 30 m)",Perenne,Erecto,"Agroforesteria tradicional (chakra), organico, sin fertilizantes/pesticidas sinteticos",Hoja,"Napo, Ecuador - Chakra C (Alto Tena)",Early (4-6 anios),"Shade (-, 0-200 PPFD)","Extraccion asistida por ultrasonido (sonicacion 20 min, diluyente acuoso)",Agua con 2.0% acido formico y 10% acetonitrilo,NEG,ACQUITY UPLC CSH C18 1.7um (3.0x50mm) + VanGuard precolumn
23_MB_2_C-2_1_NEG,23_MB_2_C-2_1,ID_23,Sample,BATCH_1,23,Plantae,Tracheophyta,Magnoliopsida,Aquifoliales,Aquifoliaceae,Ilex,guayusa,Ilex guayusa (Loes.),"Arbol (perennifolio, hasta 30 m)",Perenne,Erecto,"Agroforesteria tradicional (chakra), organico, sin fertilizantes/pesticidas sinteticos",Hoja,"Napo, Ecuador - Chakra C (Alto Tena)",Late (8-10 anios),"Shade (-, 0-200 PPFD)","Extraccion asistida por ultrasonido (sonicacion 20 min, diluyente acuoso)",Agua con 2.0% acido formico y 10% acetonitrilo,NEG,ACQUITY UPLC CSH C18 1.7um (3.0x50mm) + VanGuard precolumn
24_MB_3_A+2_1_NEG,24_MB_3_A+2_1,ID_24,Sample,BATCH_1,24,Plantae,Tracheophyta,Magnoliopsida,Aquifoliales,Aquifoliaceae,Ilex,guayusa,Ilex guayusa (Loes.),"Arbol (perennifolio, hasta 30 m)",Perenne,Erecto,"Agroforesteria tradicional (chakra), organico, sin fertilizantes/pesticidas sinteticos",Hoja,"Napo, Ecuador - Chakra A (Talag)",Late (8-10 anios),"Light (+, >=300 PPFD)","Extraccion asistida por ultrasonido (sonicacion 20 min, diluyente acuoso)",Agua con 2.0% acido formico y 10% acetonitrilo,NEG,ACQUITY UPLC CSH C18 1.7um (3.0x50mm) + VanGuard precolumn
25_MB_4_B+1_2_NEG,25_MB_4_B+1_2,ID_25,Sample,BATCH_1,25,Plantae,Tracheophyta,Magnoliopsida,Aquifoliales,Aquifoliaceae,Ilex,guayusa,Ilex guayusa (Loes.),"Arbol (perennifolio, hasta 30 m)",Perenne,Erecto,"Agroforesteria tradicional (chakra), organico, sin fertilizantes/pesticidas sinteticos",Hoja,"Napo, Ecuador - Chakra B (Alto Pano)",Medium (6-8 anios),"Light (+, >=300 PPFD)","Extraccion asistida por ultrasonido (sonicacion 20 min, diluyente acuoso)",Agua con 2.0% acido formico y 10% acetonitrilo,NEG,ACQUITY UPLC CSH C18 1.7um (3.0x50mm) + VanGuard precolumn
26_MB_5_A+1_1_NEG,26_MB_5_A+1_1,ID_26,Sample,BATCH_1,26,Plantae,Tracheophyta,Magnoliopsida,Aquifoliales,Aquifoliaceae,Ilex,guayusa,Ilex guayusa (Loes.),"Arbol (perennifolio, hasta 30 m)",Perenne,Erecto,"Agroforesteria tradicional (chakra), organico, sin fertilizantes/pesticidas sinteticos",Hoja,"Napo, Ecuador - Chakra A (Talag)",Medium (6-8 anios),"Light (+, >=300 PPFD)","Extraccion asistida por ultrasonido (sonicacion 20 min, diluyente acuoso)",Agua con 2.0% acido formico y 10% acetonitrilo,NEG,ACQUITY UPLC CSH C18 1.7um (3.0x50mm) + VanGuard precolumn
27_POOLED_QC_3_NEG,27_POOLED_QC_3,ID_27,QC,BATCH_1,27,Plantae,Tracheophyta,Magnoliopsida,Aquifoliales,Aquifoliaceae,Ilex,guayusa,Ilex guayusa (Loes.),"Arbol (perennifolio, hasta 30 m)",Perenne,Erecto,"Agroforesteria tradicional (chakra), organico, sin fertilizantes/pesticidas sinteticos",Hoja,,,,"Extraccion asistida por ultrasonido (sonicacion 20 min, diluyente acuoso)",Agua con 2.0% acido formico y 10% acetonitrilo,NEG,ACQUITY UPLC CSH C18 1.7um (3.0x50mm) + VanGuard precolumn
28_MB_6_A-0_1_NEG,28_MB_6_A-0_1,ID_28,Sample,BATCH_1,28,Plantae,Tracheophyta,Magnoliopsida,Aquifoliales,Aquifoliaceae,Ilex,guayusa,Ilex guayusa (Loes.),"Arbol (perennifolio, hasta 30 m)",Perenne,Erecto,"Agroforesteria tradicional (chakra), organico, sin fertilizantes/pesticidas sinteticos",Hoja,"Napo, Ecuador - Chakra A (Talag)",Early (4-6 anios),"Shade (-, 0-200 PPFD)","Extraccion asistida por ultrasonido (sonicacion 20 min, diluyente acuoso)",Agua con 2.0% acido formico y 10% acetonitrilo,NEG,ACQUITY UPLC CSH C18 1.7um (3.0x50mm) + VanGuard precolumn
29_MB_7_C+2_3_NEG,29_MB_7_C+2_3,ID_29,Sample,BATCH_1,29,Plantae,Tracheophyta,Magnoliopsida,Aquifoliales,Aquifoliaceae,Ilex,guayusa,Ilex guayusa (Loes.),"Arbol (perennifolio, hasta 30 m)",Perenne,Erecto,"Agroforesteria tradicional (chakra), organico, sin fertilizantes/pesticidas sinteticos",Hoja,"Napo, Ecuador - Chakra C (Alto Tena)",Late (8-10 anios),"Light (+, >=300 PPFD)","Extraccion asistida por ultrasonido (sonicacion 20 min, diluyente acuoso)",Agua con 2.0% acido formico y 10% acetonitrilo,NEG,ACQUITY UPLC CSH C18 1.7um (3.0x50mm) + VanGuard precolumn
30_MB_8_B+0_2_NEG,30_MB_8_B+0_2,ID_30,Sample,BATCH_1,30,Plantae,Tracheophyta,Magnoliopsida,Aquifoliales,Aquifoliaceae,Ilex,guayusa,Ilex guayusa (Loes.),"Arbol (perennifolio, hasta 30 m)",Perenne,Erecto,"Agroforesteria tradicional (chakra), organico, sin fertilizantes/pesticidas sinteticos",Hoja,"Napo, Ecuador - Chakra B (Alto Pano)",Early (4-6 anios),"Light (+, >=300 PPFD)","Extraccion asistida por ultrasonido (sonicacion 20 min, diluyente acuoso)",Agua con 2.0% acido formico y 10% acetonitrilo,NEG,ACQUITY UPLC CSH C18 1.7um (3.0x50mm) + VanGuard precolumn
31_MB_9_C-0_2_NEG,31_MB_9_C-0_2,ID_31,Sample,BATCH_1,31,Plantae,Tracheophyta,Magnoliopsida,Aquifoliales,Aquifoliaceae,Ilex,guayusa,Ilex guayusa (Loes.),"Arbol (perennifolio, hasta 30 m)",Perenne,Erecto,"Agroforesteria tradicional (chakra), organico, sin fertilizantes/pesticidas sinteticos",Hoja,"Napo, Ecuador - Chakra C (Alto Tena)",Early (4-6 anios),"Shade (-, 0-200 PPFD)","Extraccion asistida por ultrasonido (sonicacion 20 min, diluyente acuoso)",Agua con 2.0% acido formico y 10% acetonitrilo,NEG,ACQUITY UPLC CSH C18 1.7um (3.0x50mm) + VanGuard precolumn
32_MB_10_A+2_2_NEG,32_MB_10_A+2_2,ID_32,Sample,BATCH_1,32,Plantae,Tracheophyta,Magnoliopsida,Aquifoliales,Aquifoliaceae,Ilex,guayusa,Ilex guayusa (Loes.),"Arbol (perennifolio, hasta 30 m)",Perenne,Erecto,"Agroforesteria tradicional (chakra), organico, sin fertilizantes/pesticidas sinteticos",Hoja,"Napo, Ecuador - Chakra A (Talag)",Late (8-10 anios),"Light (+, >=300 PPFD)","Extraccion asistida por ultrasonido (sonicacion 20 min, diluyente acuoso)",Agua con 2.0% acido formico y 10% acetonitrilo,NEG,ACQUITY UPLC CSH C18 1.7um (3.0x50mm) + VanGuard precolumn
33_POOLED_QC_4_NEG,33_POOLED_QC_4,ID_33,QC,BATCH_1,33,Plantae,Tracheophyta,Magnoliopsida,Aquifoliales,Aquifoliaceae,Ilex,guayusa,Ilex guayusa (Loes.),"Arbol (perennifolio, hasta 30 m)",Perenne,Erecto,"Agroforesteria tradicional (chakra), organico, sin fertilizantes/pesticidas sinteticos",Hoja,,,,"Extraccion asistida por ultrasonido (sonicacion 20 min, diluyente acuoso)",Agua con 2.0% acido formico y 10% acetonitrilo,NEG,ACQUITY UPLC CSH C18 1.7um (3.0x50mm) + VanGuard precolumn
34_MB_11_A-1_1_NEG,34_MB_11_A-1_1,ID_34,Sample,BATCH_1,34,Plantae,Tracheophyta,Magnoliopsida,Aquifoliales,Aquifoliaceae,Ilex,guayusa,Ilex guayusa (Loes.),"Arbol (perennifolio, hasta 30 m)",Perenne,Erecto,"Agroforesteria tradicional (chakra), organico, sin fertilizantes/pesticidas sinteticos",Hoja,"Napo, Ecuador - Chakra A (Talag)",Medium (6-8 anios),"Shade (-, 0-200 PPFD)","Extraccion asistida por ultrasonido (sonicacion 20 min, diluyente acuoso)",Agua con 2.0% acido formico y 10% acetonitrilo,NEG,ACQUITY UPLC CSH C18 1.7um (3.0x50mm) + VanGuard precolumn
35_MB_12_A+2_3_NEG,35_MB_12_A+2_3,ID_35,Sample,BATCH_1,35,Plantae,Tracheophyta,Magnoliopsida,Aquifoliales,Aquifoliaceae,Ilex,guayusa,Ilex guayusa (Loes.),"Arbol (perennifolio, hasta 30 m)",Perenne,Erecto,"Agroforesteria tradicional (chakra), organico, sin fertilizantes/pesticidas sinteticos",Hoja,"Napo, Ecuador - Chakra A (Talag)",Late (8-10 anios),"Light (+, >=300 PPFD)","Extraccion asistida por ultrasonido (sonicacion 20 min, diluyente acuoso)",Agua con 2.0% acido formico y 10% acetonitrilo,NEG,ACQUITY UPLC CSH C18 1.7um (3.0x50mm) + VanGuard precolumn
36_MB_13_A+0_1_NEG,36_MB_13_A+0_1,ID_36,Sample,BATCH_1,36,Plantae,Tracheophyta,Magnoliopsida,Aquifoliales,Aquifoliaceae,Ilex,guayusa,Ilex guayusa (Loes.),"Arbol (perennifolio, hasta 30 m)",Perenne,Erecto,"Agroforesteria tradicional (chakra), organico, sin fertilizantes/pesticidas sinteticos",Hoja,"Napo, Ecuador - Chakra A (Talag)",Early (4-6 anios),"Light (+, >=300 PPFD)","Extraccion asistida por ultrasonido (sonicacion 20 min, diluyente acuoso)",Agua con 2.0% acido formico y 10% acetonitrilo,NEG,ACQUITY UPLC CSH C18 1.7um (3.0x50mm) + VanGuard precolumn
37_MB_14_C-0_3_NEG,37_MB_14_C-0_3,ID_37,Sample,BATCH_1,37,Plantae,Tracheophyta,Magnoliopsida,Aquifoliales,Aquifoliaceae,Ilex,guayusa,Ilex guayusa (Loes.),"Arbol (perennifolio, hasta 30 m)",Perenne,Erecto,"Agroforesteria tradicional (chakra), organico, sin fertilizantes/pesticidas sinteticos",Hoja,"Napo, Ecuador - Chakra C (Alto Tena)",Early (4-6 anios),"Shade (-, 0-200 PPFD)","Extraccion asistida por ultrasonido (sonicacion 20 min, diluyente acuoso)",Agua con 2.0% acido formico y 10% acetonitrilo,NEG,ACQUITY UPLC CSH C18 1.7um (3.0x50mm) + VanGuard precolumn
38_MB_15_B+0_3_NEG,38_MB_15_B+0_3,ID_38,Sample,BATCH_1,38,Plantae,Tracheophyta,Magnoliopsida,Aquifoliales,Aquifoliaceae,Ilex,guayusa,Ilex guayusa (Loes.),"Arbol (perennifolio, hasta 30 m)",Perenne,Erecto,"Agroforesteria tradicional (chakra), organico, sin fertilizantes/pesticidas sinteticos",Hoja,"Napo, Ecuador - Chakra B (Alto Pano)",Early (4-6 anios),"Light (+, >=300 PPFD)","Extraccion asistida por ultrasonido (sonicacion 20 min, diluyente acuoso)",Agua con 2.0% acido formico y 10% acetonitrilo,NEG,ACQUITY UPLC CSH C18 1.7um (3.0x50mm) + VanGuard precolumn
39_POOLED_QC_5_NEG,39_POOLED_QC_5,ID_39,QC,BATCH_1,39,Plantae,Tracheophyta,Magnoliopsida,Aquifoliales,Aquifoliaceae,Ilex,guayusa,Ilex guayusa (Loes.),"Arbol (perennifolio, hasta 30 m)",Perenne,Erecto,"Agroforesteria tradicional (chakra), organico, sin fertilizantes/pesticidas sinteticos",Hoja,,,,"Extraccion asistida por ultrasonido (sonicacion 20 min, diluyente acuoso)",Agua con 2.0% acido formico y 10% acetonitrilo,NEG,ACQUITY UPLC CSH C18 1.7um (3.0x50mm) + VanGuard precolumn
40_GC_2_A_NEG,40_GC_2_A,ID_40,SubQC,BATCH_1,40,Plantae,Tracheophyta,Magnoliopsida,Aquifoliales,Aquifoliaceae,Ilex,guayusa,Ilex guayusa (Loes.),"Arbol (perennifolio, hasta 30 m)",Perenne,Erecto,"Agroforesteria tradicional (chakra), organico, sin fertilizantes/pesticidas sinteticos",Hoja,"Napo, Ecuador - Chakra A (Talag)",,,"Extraccion asistida por ultrasonido (sonicacion 20 min, diluyente acuoso)",Agua con 2.0% acido formico y 10% acetonitrilo,NEG,ACQUITY UPLC CSH C18 1.7um (3.0x50mm) + VanGuard precolumn
41_GC_2_1_NEG,41_GC_2_1,ID_41,SubQC,BATCH_1,41,Plantae,Tracheophyta,Magnoliopsida,Aquifoliales,Aquifoliaceae,Ilex,guayusa,Ilex guayusa (Loes.),"Arbol (perennifolio, hasta 30 m)",Perenne,Erecto,"Agroforesteria tradicional (chakra), organico, sin fertilizantes/pesticidas sinteticos",Hoja,,Medium (6-8 anios),,"Extraccion asistida por ultrasonido (sonicacion 20 min, diluyente acuoso)",Agua con 2.0% acido formico y 10% acetonitrilo,NEG,ACQUITY UPLC CSH C18 1.7um (3.0x50mm) + VanGuard precolumn
42_GC_2_0_NEG,42_GC_2_0,ID_42,SubQC,BATCH_1,42,Plantae,Tracheophyta,Magnoliopsida,Aquifoliales,Aquifoliaceae,Ilex,guayusa,Ilex guayusa (Loes.),"Arbol (perennifolio, hasta 30 m)",Perenne,Erecto,"Agroforesteria tradicional (chakra), organico, sin fertilizantes/pesticidas sinteticos",Hoja,,Early (4-6 anios),,"Extraccion asistida por ultrasonido (sonicacion 20 min, diluyente acuoso)",Agua con 2.0% acido formico y 10% acetonitrilo,NEG,ACQUITY UPLC CSH C18 1.7um (3.0x50mm) + VanGuard precolumn
43_GC_2_B_NEG,43_GC_2_B,ID_43,SubQC,BATCH_1,43,Plantae,Tracheophyta,Magnoliopsida,Aquifoliales,Aquifoliaceae,Ilex,guayusa,Ilex guayusa (Loes.),"Arbol (perennifolio, hasta 30 m)",Perenne,Erecto,"Agroforesteria tradicional (chakra), organico, sin fertilizantes/pesticidas sinteticos",Hoja,"Napo, Ecuador - Chakra B (Alto Pano)",,,"Extraccion asistida por ultrasonido (sonicacion 20 min, diluyente acuoso)",Agua con 2.0% acido formico y 10% acetonitrilo,NEG,ACQUITY UPLC CSH C18 1.7um (3.0x50mm) + VanGuard precolumn
44_GC_2_C_NEG,44_GC_2_C,ID_44,SubQC,BATCH_1,44,Plantae,Tracheophyta,Magnoliopsida,Aquifoliales,Aquifoliaceae,Ilex,guayusa,Ilex guayusa (Loes.),"Arbol (perennifolio, hasta 30 m)",Perenne,Erecto,"Agroforesteria tradicional (chakra), organico, sin fertilizantes/pesticidas sinteticos",Hoja,"Napo, Ecuador - Chakra C (Alto Tena)",,,"Extraccion asistida por ultrasonido (sonicacion 20 min, diluyente acuoso)",Agua con 2.0% acido formico y 10% acetonitrilo,NEG,ACQUITY UPLC CSH C18 1.7um (3.0x50mm) + VanGuard precolumn
45_GC_2_+_NEG,45_GC_2_+,ID_45,SubQC,BATCH_1,45,Plantae,Tracheophyta,Magnoliopsida,Aquifoliales,Aquifoliaceae,Ilex,guayusa,Ilex guayusa (Loes.),"Arbol (perennifolio, hasta 30 m)",Perenne,Erecto,"Agroforesteria tradicional (chakra), organico, sin fertilizantes/pesticidas sinteticos",Hoja,,,"Light (+, >=300 PPFD)","Extraccion asistida por ultrasonido (sonicacion 20 min, diluyente acuoso)",Agua con 2.0% acido formico y 10% acetonitrilo,NEG,ACQUITY UPLC CSH C18 1.7um (3.0x50mm) + VanGuard precolumn
46_GC_2_-_NEG,46_GC_2_-,ID_46,SubQC,BATCH_1,46,Plantae,Tracheophyta,Magnoliopsida,Aquifoliales,Aquifoliaceae,Ilex,guayusa,Ilex guayusa (Loes.),"Arbol (perennifolio, hasta 30 m)",Perenne,Erecto,"Agroforesteria tradicional (chakra), organico, sin fertilizantes/pesticidas sinteticos",Hoja,,,"Shade (-, 0-200 PPFD)","Extraccion asistida por ultrasonido (sonicacion 20 min, diluyente acuoso)",Agua con 2.0% acido formico y 10% acetonitrilo,NEG,ACQUITY UPLC CSH C18 1.7um (3.0x50mm) + VanGuard precolumn
47_GC_2_2_NEG,47_GC_2_2,ID_47,SubQC,BATCH_1,47,Plantae,Tracheophyta,Magnoliopsida,Aquifoliales,Aquifoliaceae,Ilex,guayusa,Ilex guayusa (Loes.),"Arbol (perennifolio, hasta 30 m)",Perenne,Erecto,"Agroforesteria tradicional (chakra), organico, sin fertilizantes/pesticidas sinteticos",Hoja,,Late (8-10 anios),,"Extraccion asistida por ultrasonido (sonicacion 20 min, diluyente acuoso)",Agua con 2.0% acido formico y 10% acetonitrilo,NEG,ACQUITY UPLC CSH C18 1.7um (3.0x50mm) + VanGuard precolumn
48_MB_16_A+0_2_NEG,48_MB_16_A+0_2,ID_48,Sample,BATCH_1,48,Plantae,Tracheophyta,Magnoliopsida,Aquifoliales,Aquifoliaceae,Ilex,guayusa,Ilex guayusa (Loes.),"Arbol (perennifolio, hasta 30 m)",Perenne,Erecto,"Agroforesteria tradicional (chakra), organico, sin fertilizantes/pesticidas sinteticos",Hoja,"Napo, Ecuador - Chakra A (Talag)",Early (4-6 anios),"Light (+, >=300 PPFD)","Extraccion asistida por ultrasonido (sonicacion 20 min, diluyente acuoso)",Agua con 2.0% acido formico y 10% acetonitrilo,NEG,ACQUITY UPLC CSH C18 1.7um (3.0x50mm) + VanGuard precolumn
49_MB_17_B+2_3_NEG,49_MB_17_B+2_3,ID_49,Sample,BATCH_1,49,Plantae,Tracheophyta,Magnoliopsida,Aquifoliales,Aquifoliaceae,Ilex,guayusa,Ilex guayusa (Loes.),"Arbol (perennifolio, hasta 30 m)",Perenne,Erecto,"Agroforesteria tradicional (chakra), organico, sin fertilizantes/pesticidas sinteticos",Hoja,"Napo, Ecuador - Chakra B (Alto Pano)",Late (8-10 anios),"Light (+, >=300 PPFD)","Extraccion asistida por ultrasonido (sonicacion 20 min, diluyente acuoso)",Agua con 2.0% acido formico y 10% acetonitrilo,NEG,ACQUITY UPLC CSH C18 1.7um (3.0x50mm) + VanGuard precolumn
50_MB_18_A-1_2_NEG,50_MB_18_A-1_2,ID_50,Sample,BATCH_1,50,Plantae,Tracheophyta,Magnoliopsida,Aquifoliales,Aquifoliaceae,Ilex,guayusa,Ilex guayusa (Loes.),"Arbol (perennifolio, hasta 30 m)",Perenne,Erecto,"Agroforesteria tradicional (chakra), organico, sin fertilizantes/pesticidas sinteticos",Hoja,"Napo, Ecuador - Chakra A (Talag)",Medium (6-8 anios),"Shade (-, 0-200 PPFD)","Extraccion asistida por ultrasonido (sonicacion 20 min, diluyente acuoso)",Agua con 2.0% acido formico y 10% acetonitrilo,NEG,ACQUITY UPLC CSH C18 1.7um (3.0x50mm) + VanGuard precolumn
51_MB_19_C-2_2_NEG,51_MB_19_C-2_2,ID_51,Sample,BATCH_1,51,Plantae,Tracheophyta,Magnoliopsida,Aquifoliales,Aquifoliaceae,Ilex,guayusa,Ilex guayusa (Loes.),"Arbol (perennifolio, hasta 30 m)",Perenne,Erecto,"Agroforesteria tradicional (chakra), organico, sin fertilizantes/pesticidas sinteticos",Hoja,"Napo, Ecuador - Chakra C (Alto Tena)",Late (8-10 anios),"Shade (-, 0-200 PPFD)","Extraccion asistida por ultrasonido (sonicacion 20 min, diluyente acuoso)",Agua con 2.0% acido formico y 10% acetonitrilo,NEG,ACQUITY UPLC CSH C18 1.7um (3.0x50mm) + VanGuard precolumn
52_MB_20_C+0_1_NEG,52_MB_20_C+0_1,ID_52,Sample,BATCH_1,52,Plantae,Tracheophyta,Magnoliopsida,Aquifoliales,Aquifoliaceae,Ilex,guayusa,Ilex guayusa (Loes.),"Arbol (perennifolio, hasta 30 m)",Perenne,Erecto,"Agroforesteria tradicional (chakra), organico, sin fertilizantes/pesticidas sinteticos",Hoja,"Napo, Ecuador - Chakra C (Alto Tena)",Early (4-6 anios),"Light (+, >=300 PPFD)","Extraccion asistida por ultrasonido (sonicacion 20 min, diluyente acuoso)",Agua con 2.0% acido formico y 10% acetonitrilo,NEG,ACQUITY UPLC CSH C18 1.7um (3.0x50mm) + VanGuard precolumn
53_POOLED_QC_6_NEG,53_POOLED_QC_6,ID_53,QC,BATCH_1,53,Plantae,Tracheophyta,Magnoliopsida,Aquifoliales,Aquifoliaceae,Ilex,guayusa,Ilex guayusa (Loes.),"Arbol (perennifolio, hasta 30 m)",Perenne,Erecto,"Agroforesteria tradicional (chakra), organico, sin fertilizantes/pesticidas sinteticos",Hoja,,,,"Extraccion asistida por ultrasonido (sonicacion 20 min, diluyente acuoso)",Agua con 2.0% acido formico y 10% acetonitrilo,NEG,ACQUITY UPLC CSH C18 1.7um (3.0x50mm) + VanGuard precolumn
54_MB_21_C-2_3_NEG,54_MB_21_C-2_3,ID_54,Sample,BATCH_1,54,Plantae,Tracheophyta,Magnoliopsida,Aquifoliales,Aquifoliaceae,Ilex,guayusa,Ilex guayusa (Loes.),"Arbol (perennifolio, hasta 30 m)",Perenne,Erecto,"Agroforesteria tradicional (chakra), organico, sin fertilizantes/pesticidas sinteticos",Hoja,"Napo, Ecuador - Chakra C (Alto Tena)",Late (8-10 anios),"Shade (-, 0-200 PPFD)","Extraccion asistida por ultrasonido (sonicacion 20 min, diluyente acuoso)",Agua con 2.0% acido formico y 10% acetonitrilo,NEG,ACQUITY UPLC CSH C18 1.7um (3.0x50mm) + VanGuard precolumn
55_MB_22_C-1_1_NEG,55_MB_22_C-1_1,ID_55,Sample,BATCH_1,55,Plantae,Tracheophyta,Magnoliopsida,Aquifoliales,Aquifoliaceae,Ilex,guayusa,Ilex guayusa (Loes.),"Arbol (perennifolio, hasta 30 m)",Perenne,Erecto,"Agroforesteria tradicional (chakra), organico, sin fertilizantes/pesticidas sinteticos",Hoja,"Napo, Ecuador - Chakra C (Alto Tena)",Medium (6-8 anios),"Shade (-, 0-200 PPFD)","Extraccion asistida por ultrasonido (sonicacion 20 min, diluyente acuoso)",Agua con 2.0% acido formico y 10% acetonitrilo,NEG,ACQUITY UPLC CSH C18 1.7um (3.0x50mm) + VanGuard precolumn
56_MB_23_B+1_3_NEG,56_MB_23_B+1_3,ID_56,Sample,BATCH_1,56,Plantae,Tracheophyta,Magnoliopsida,Aquifoliales,Aquifoliaceae,Ilex,guayusa,Ilex guayusa (Loes.),"Arbol (perennifolio, hasta 30 m)",Perenne,Erecto,"Agroforesteria tradicional (chakra), organico, sin fertilizantes/pesticidas sinteticos",Hoja,"Napo, Ecuador - Chakra B (Alto Pano)",Medium (6-8 anios),"Light (+, >=300 PPFD)","Extraccion asistida por ultrasonido (sonicacion 20 min, diluyente acuoso)",Agua con 2.0% acido formico y 10% acetonitrilo,NEG,ACQUITY UPLC CSH C18 1.7um (3.0x50mm) + VanGuard precolumn
57_MB_24_A+1_2_NEG,57_MB_24_A+1_2,ID_57,Sample,BATCH_1,57,Plantae,Tracheophyta,Magnoliopsida,Aquifoliales,Aquifoliaceae,Ilex,guayusa,Ilex guayusa (Loes.),"Arbol (perennifolio, hasta 30 m)",Perenne,Erecto,"Agroforesteria tradicional (chakra), organico, sin fertilizantes/pesticidas sinteticos",Hoja,"Napo, Ecuador - Chakra A (Talag)",Medium (6-8 anios),"Light (+, >=300 PPFD)","Extraccion asistida por ultrasonido (sonicacion 20 min, diluyente acuoso)",Agua con 2.0% acido formico y 10% acetonitrilo,NEG,ACQUITY UPLC CSH C18 1.7um (3.0x50mm) + VanGuard precolumn
58_MB_25_B-0_3_NEG,58_MB_25_B-0_3,ID_58,Sample,BATCH_1,58,Plantae,Tracheophyta,Magnoliopsida,Aquifoliales,Aquifoliaceae,Ilex,guayusa,Ilex guayusa (Loes.),"Arbol (perennifolio, hasta 30 m)",Perenne,Erecto,"Agroforesteria tradicional (chakra), organico, sin fertilizantes/pesticidas sinteticos",Hoja,"Napo, Ecuador - Chakra B (Alto Pano)",Early (4-6 anios),"Shade (-, 0-200 PPFD)","Extraccion asistida por ultrasonido (sonicacion 20 min, diluyente acuoso)",Agua con 2.0% acido formico y 10% acetonitrilo,NEG,ACQUITY UPLC CSH C18 1.7um (3.0x50mm) + VanGuard precolumn
59_POOLED_QC_7_NEG,59_POOLED_QC_7,ID_59,QC,BATCH_1,59,Plantae,Tracheophyta,Magnoliopsida,Aquifoliales,Aquifoliaceae,Ilex,guayusa,Ilex guayusa (Loes.),"Arbol (perennifolio, hasta 30 m)",Perenne,Erecto,"Agroforesteria tradicional (chakra), organico, sin fertilizantes/pesticidas sinteticos",Hoja,,,,"Extraccion asistida por ultrasonido (sonicacion 20 min, diluyente acuoso)",Agua con 2.0% acido formico y 10% acetonitrilo,NEG,ACQUITY UPLC CSH C18 1.7um (3.0x50mm) + VanGuard precolumn
60_MB_26_A+1_3_NEG,60_MB_26_A+1_3,ID_60,Sample,BATCH_1,60,Plantae,Tracheophyta,Magnoliopsida,Aquifoliales,Aquifoliaceae,Ilex,guayusa,Ilex guayusa (Loes.),"Arbol (perennifolio, hasta 30 m)",Perenne,Erecto,"Agroforesteria tradicional (chakra), organico, sin fertilizantes/pesticidas sinteticos",Hoja,"Napo, Ecuador - Chakra A (Talag)",Medium (6-8 anios),"Light (+, >=300 PPFD)","Extraccion asistida por ultrasonido (sonicacion 20 min, diluyente acuoso)",Agua con 2.0% acido formico y 10% acetonitrilo,NEG,ACQUITY UPLC CSH C18 1.7um (3.0x50mm) + VanGuard precolumn
61_MB_27_A-2_3_NEG,61_MB_27_A-2_3,ID_61,Sample,BATCH_1,61,Plantae,Tracheophyta,Magnoliopsida,Aquifoliales,Aquifoliaceae,Ilex,guayusa,Ilex guayusa (Loes.),"Arbol (perennifolio, hasta 30 m)",Perenne,Erecto,"Agroforesteria tradicional (chakra), organico, sin fertilizantes/pesticidas sinteticos",Hoja,"Napo, Ecuador - Chakra A (Talag)",Late (8-10 anios),"Shade (-, 0-200 PPFD)","Extraccion asistida por ultrasonido (sonicacion 20 min, diluyente acuoso)",Agua con 2.0% acido formico y 10% acetonitrilo,NEG,ACQUITY UPLC CSH C18 1.7um (3.0x50mm) + VanGuard precolumn
62_MB_28_B+2_1_NEG,62_MB_28_B+2_1,ID_62,Sample,BATCH_1,62,Plantae,Tracheophyta,Magnoliopsida,Aquifoliales,Aquifoliaceae,Ilex,guayusa,Ilex guayusa (Loes.),"Arbol (perennifolio, hasta 30 m)",Perenne,Erecto,"Agroforesteria tradicional (chakra), organico, sin fertilizantes/pesticidas sinteticos",Hoja,"Napo, Ecuador - Chakra B (Alto Pano)",Late (8-10 anios),"Light (+, >=300 PPFD)","Extraccion asistida por ultrasonido (sonicacion 20 min, diluyente acuoso)",Agua con 2.0% acido formico y 10% acetonitrilo,NEG,ACQUITY UPLC CSH C18 1.7um (3.0x50mm) + VanGuard precolumn
63_MB_29_C+2_1_NEG,63_MB_29_C+2_1,ID_63,Sample,BATCH_1,63,Plantae,Tracheophyta,Magnoliopsida,Aquifoliales,Aquifoliaceae,Ilex,guayusa,Ilex guayusa (Loes.),"Arbol (perennifolio, hasta 30 m)",Perenne,Erecto,"Agroforesteria tradicional (chakra), organico, sin fertilizantes/pesticidas sinteticos",Hoja,"Napo, Ecuador - Chakra C (Alto Tena)",Late (8-10 anios),"Light (+, >=300 PPFD)","Extraccion asistida por ultrasonido (sonicacion 20 min, diluyente acuoso)",Agua con 2.0% acido formico y 10% acetonitrilo,NEG,ACQUITY UPLC CSH C18 1.7um (3.0x50mm) + VanGuard precolumn
64_MB_30_B-1_1_NEG,64_MB_30_B-1_1,ID_64,Sample,BATCH_1,64,Plantae,Tracheophyta,Magnoliopsida,Aquifoliales,Aquifoliaceae,Ilex,guayusa,Ilex guayusa (Loes.),"Arbol (perennifolio, hasta 30 m)",Perenne,Erecto,"Agroforesteria tradicional (chakra), organico, sin fertilizantes/pesticidas sinteticos",Hoja,"Napo, Ecuador - Chakra B (Alto Pano)",Medium (6-8 anios),"Shade (-, 0-200 PPFD)","Extraccion asistida por ultrasonido (sonicacion 20 min, diluyente acuoso)",Agua con 2.0% acido formico y 10% acetonitrilo,NEG,ACQUITY UPLC CSH C18 1.7um (3.0x50mm) + VanGuard precolumn
65_GC_3_-_NEG,65_GC_3_-,ID_65,SubQC,BATCH_1,65,Plantae,Tracheophyta,Magnoliopsida,Aquifoliales,Aquifoliaceae,Ilex,guayusa,Ilex guayusa (Loes.),"Arbol (perennifolio, hasta 30 m)",Perenne,Erecto,"Agroforesteria tradicional (chakra), organico, sin fertilizantes/pesticidas sinteticos",Hoja,,,"Shade (-, 0-200 PPFD)","Extraccion asistida por ultrasonido (sonicacion 20 min, diluyente acuoso)",Agua con 2.0% acido formico y 10% acetonitrilo,NEG,ACQUITY UPLC CSH C18 1.7um (3.0x50mm) + VanGuard precolumn
66_GC_3_B_NEG,66_GC_3_B,ID_66,SubQC,BATCH_1,66,Plantae,Tracheophyta,Magnoliopsida,Aquifoliales,Aquifoliaceae,Ilex,guayusa,Ilex guayusa (Loes.),"Arbol (perennifolio, hasta 30 m)",Perenne,Erecto,"Agroforesteria tradicional (chakra), organico, sin fertilizantes/pesticidas sinteticos",Hoja,"Napo, Ecuador - Chakra B (Alto Pano)",,,"Extraccion asistida por ultrasonido (sonicacion 20 min, diluyente acuoso)",Agua con 2.0% acido formico y 10% acetonitrilo,NEG,ACQUITY UPLC CSH C18 1.7um (3.0x50mm) + VanGuard precolumn
67_GC_3_1_NEG,67_GC_3_1,ID_67,SubQC,BATCH_1,67,Plantae,Tracheophyta,Magnoliopsida,Aquifoliales,Aquifoliaceae,Ilex,guayusa,Ilex guayusa (Loes.),"Arbol (perennifolio, hasta 30 m)",Perenne,Erecto,"Agroforesteria tradicional (chakra), organico, sin fertilizantes/pesticidas sinteticos",Hoja,,Medium (6-8 anios),,"Extraccion asistida por ultrasonido (sonicacion 20 min, diluyente acuoso)",Agua con 2.0% acido formico y 10% acetonitrilo,NEG,ACQUITY UPLC CSH C18 1.7um (3.0x50mm) + VanGuard precolumn
68_GC_3_A_NEG,68_GC_3_A,ID_68,SubQC,BATCH_1,68,Plantae,Tracheophyta,Magnoliopsida,Aquifoliales,Aquifoliaceae,Ilex,guayusa,Ilex guayusa (Loes.),"Arbol (perennifolio, hasta 30 m)",Perenne,Erecto,"Agroforesteria tradicional (chakra), organico, sin fertilizantes/pesticidas sinteticos",Hoja,"Napo, Ecuador - Chakra A (Talag)",,,"Extraccion asistida por ultrasonido (sonicacion 20 min, diluyente acuoso)",Agua con 2.0% acido formico y 10% acetonitrilo,NEG,ACQUITY UPLC CSH C18 1.7um (3.0x50mm) + VanGuard precolumn
69_GC_3_C_NEG,69_GC_3_C,ID_69,SubQC,BATCH_1,69,Plantae,Tracheophyta,Magnoliopsida,Aquifoliales,Aquifoliaceae,Ilex,guayusa,Ilex guayusa (Loes.),"Arbol (perennifolio, hasta 30 m)",Perenne,Erecto,"Agroforesteria tradicional (chakra), organico, sin fertilizantes/pesticidas sinteticos",Hoja,"Napo, Ecuador - Chakra C (Alto Tena)",,,"Extraccion asistida por ultrasonido (sonicacion 20 min, diluyente acuoso)",Agua con 2.0% acido formico y 10% acetonitrilo,NEG,ACQUITY UPLC CSH C18 1.7um (3.0x50mm) + VanGuard precolumn
70_POOLED_QC_8_NEG,70_POOLED_QC_8,ID_70,QC,BATCH_1,70,Plantae,Tracheophyta,Magnoliopsida,Aquifoliales,Aquifoliaceae,Ilex,guayusa,Ilex guayusa (Loes.),"Arbol (perennifolio, hasta 30 m)",Perenne,Erecto,"Agroforesteria tradicional (chakra), organico, sin fertilizantes/pesticidas sinteticos",Hoja,,,,"Extraccion asistida por ultrasonido (sonicacion 20 min, diluyente acuoso)",Agua con 2.0% acido formico y 10% acetonitrilo,NEG,ACQUITY UPLC CSH C18 1.7um (3.0x50mm) + VanGuard precolumn
71_GC_3_+_NEG,71_GC_3_+,ID_71,SubQC,BATCH_1,71,Plantae,Tracheophyta,Magnoliopsida,Aquifoliales,Aquifoliaceae,Ilex,guayusa,Ilex guayusa (Loes.),"Arbol (perennifolio, hasta 30 m)",Perenne,Erecto,"Agroforesteria tradicional (chakra), organico, sin fertilizantes/pesticidas sinteticos",Hoja,,,"Light (+, >=300 PPFD)","Extraccion asistida por ultrasonido (sonicacion 20 min, diluyente acuoso)",Agua con 2.0% acido formico y 10% acetonitrilo,NEG,ACQUITY UPLC CSH C18 1.7um (3.0x50mm) + VanGuard precolumn
72_GC_3_0_NEG,72_GC_3_0,ID_72,SubQC,BATCH_1,72,Plantae,Tracheophyta,Magnoliopsida,Aquifoliales,Aquifoliaceae,Ilex,guayusa,Ilex guayusa (Loes.),"Arbol (perennifolio, hasta 30 m)",Perenne,Erecto,"Agroforesteria tradicional (chakra), organico, sin fertilizantes/pesticidas sinteticos",Hoja,,Early (4-6 anios),,"Extraccion asistida por ultrasonido (sonicacion 20 min, diluyente acuoso)",Agua con 2.0% acido formico y 10% acetonitrilo,NEG,ACQUITY UPLC CSH C18 1.7um (3.0x50mm) + VanGuard precolumn
73_GC_3_2_NEG,73_GC_3_2,ID_73,SubQC,BATCH_1,73,Plantae,Tracheophyta,Magnoliopsida,Aquifoliales,Aquifoliaceae,Ilex,guayusa,Ilex guayusa (Loes.),"Arbol (perennifolio, hasta 30 m)",Perenne,Erecto,"Agroforesteria tradicional (chakra), organico, sin fertilizantes/pesticidas sinteticos",Hoja,,Late (8-10 anios),,"Extraccion asistida por ultrasonido (sonicacion 20 min, diluyente acuoso)",Agua con 2.0% acido formico y 10% acetonitrilo,NEG,ACQUITY UPLC CSH C18 1.7um (3.0x50mm) + VanGuard precolumn
74_MB_31_A-2_1_NEG,74_MB_31_A-2_1,ID_74,Sample,BATCH_1,74,Plantae,Tracheophyta,Magnoliopsida,Aquifoliales,Aquifoliaceae,Ilex,guayusa,Ilex guayusa (Loes.),"Arbol (perennifolio, hasta 30 m)",Perenne,Erecto,"Agroforesteria tradicional (chakra), organico, sin fertilizantes/pesticidas sinteticos",Hoja,"Napo, Ecuador - Chakra A (Talag)",Late (8-10 anios),"Shade (-, 0-200 PPFD)","Extraccion asistida por ultrasonido (sonicacion 20 min, diluyente acuoso)",Agua con 2.0% acido formico y 10% acetonitrilo,NEG,ACQUITY UPLC CSH C18 1.7um (3.0x50mm) + VanGuard precolumn
75_MB_32_B+2_2_NEG,75_MB_32_B+2_2,ID_75,Sample,BATCH_1,75,Plantae,Tracheophyta,Magnoliopsida,Aquifoliales,Aquifoliaceae,Ilex,guayusa,Ilex guayusa (Loes.),"Arbol (perennifolio, hasta 30 m)",Perenne,Erecto,"Agroforesteria tradicional (chakra), organico, sin fertilizantes/pesticidas sinteticos",Hoja,"Napo, Ecuador - Chakra B (Alto Pano)",Late (8-10 anios),"Light (+, >=300 PPFD)","Extraccion asistida por ultrasonido (sonicacion 20 min, diluyente acuoso)",Agua con 2.0% acido formico y 10% acetonitrilo,NEG,ACQUITY UPLC CSH C18 1.7um (3.0x50mm) + VanGuard precolumn
76_MB_33_C+0_2_NEG,76_MB_33_C+0_2,ID_76,Sample,BATCH_1,76,Plantae,Tracheophyta,Magnoliopsida,Aquifoliales,Aquifoliaceae,Ilex,guayusa,Ilex guayusa (Loes.),"Arbol (perennifolio, hasta 30 m)",Perenne,Erecto,"Agroforesteria tradicional (chakra), organico, sin fertilizantes/pesticidas sinteticos",Hoja,"Napo, Ecuador - Chakra C (Alto Tena)",Early (4-6 anios),"Light (+, >=300 PPFD)","Extraccion asistida por ultrasonido (sonicacion 20 min, diluyente acuoso)",Agua con 2.0% acido formico y 10% acetonitrilo,NEG,ACQUITY UPLC CSH C18 1.7um (3.0x50mm) + VanGuard precolumn
77_MB_34_B-1_2_NEG,77_MB_34_B-1_2,ID_77,Sample,BATCH_1,77,Plantae,Tracheophyta,Magnoliopsida,Aquifoliales,Aquifoliaceae,Ilex,guayusa,Ilex guayusa (Loes.),"Arbol (perennifolio, hasta 30 m)",Perenne,Erecto,"Agroforesteria tradicional (chakra), organico, sin fertilizantes/pesticidas sinteticos",Hoja,"Napo, Ecuador - Chakra B (Alto Pano)",Medium (6-8 anios),"Shade (-, 0-200 PPFD)","Extraccion asistida por ultrasonido (sonicacion 20 min, diluyente acuoso)",Agua con 2.0% acido formico y 10% acetonitrilo,NEG,ACQUITY UPLC CSH C18 1.7um (3.0x50mm) + VanGuard precolumn
78_MB_35_A-1_3_NEG,78_MB_35_A-1_3,ID_78,Sample,BATCH_1,78,Plantae,Tracheophyta,Magnoliopsida,Aquifoliales,Aquifoliaceae,Ilex,guayusa,Ilex guayusa (Loes.),"Arbol (perennifolio, hasta 30 m)",Perenne,Erecto,"Agroforesteria tradicional (chakra), organico, sin fertilizantes/pesticidas sinteticos",Hoja,"Napo, Ecuador - Chakra A (Talag)",Medium (6-8 anios),"Shade (-, 0-200 PPFD)","Extraccion asistida por ultrasonido (sonicacion 20 min, diluyente acuoso)",Agua con 2.0% acido formico y 10% acetonitrilo,NEG,ACQUITY UPLC CSH C18 1.7um (3.0x50mm) + VanGuard precolumn
79_POOLED_QC_9_NEG,79_POOLED_QC_9,ID_79,QC,BATCH_1,79,Plantae,Tracheophyta,Magnoliopsida,Aquifoliales,Aquifoliaceae,Ilex,guayusa,Ilex guayusa (Loes.),"Arbol (perennifolio, hasta 30 m)",Perenne,Erecto,"Agroforesteria tradicional (chakra), organico, sin fertilizantes/pesticidas sinteticos",Hoja,,,,"Extraccion asistida por ultrasonido (sonicacion 20 min, diluyente acuoso)",Agua con 2.0% acido formico y 10% acetonitrilo,NEG,ACQUITY UPLC CSH C18 1.7um (3.0x50mm) + VanGuard precolumn
80_MB_36_A+0_3_NEG,80_MB_36_A+0_3,ID_80,Sample,BATCH_1,80,Plantae,Tracheophyta,Magnoliopsida,Aquifoliales,Aquifoliaceae,Ilex,guayusa,Ilex guayusa (Loes.),"Arbol (perennifolio, hasta 30 m)",Perenne,Erecto,"Agroforesteria tradicional (chakra), organico, sin fertilizantes/pesticidas sinteticos",Hoja,"Napo, Ecuador - Chakra A (Talag)",Early (4-6 anios),"Light (+, >=300 PPFD)","Extraccion asistida por ultrasonido (sonicacion 20 min, diluyente acuoso)",Agua con 2.0% acido formico y 10% acetonitrilo,NEG,ACQUITY UPLC CSH C18 1.7um (3.0x50mm) + VanGuard precolumn
81_MB_37_B-1_3_NEG,81_MB_37_B-1_3,ID_81,Sample,BATCH_1,81,Plantae,Tracheophyta,Magnoliopsida,Aquifoliales,Aquifoliaceae,Ilex,guayusa,Ilex guayusa (Loes.),"Arbol (perennifolio, hasta 30 m)",Perenne,Erecto,"Agroforesteria tradicional (chakra), organico, sin fertilizantes/pesticidas sinteticos",Hoja,"Napo, Ecuador - Chakra B (Alto Pano)",Medium (6-8 anios),"Shade (-, 0-200 PPFD)","Extraccion asistida por ultrasonido (sonicacion 20 min, diluyente acuoso)",Agua con 2.0% acido formico y 10% acetonitrilo,NEG,ACQUITY UPLC CSH C18 1.7um (3.0x50mm) + VanGuard precolumn
82_MB_38_C+1_2_NEG,82_MB_38_C+1_2,ID_82,Sample,BATCH_1,82,Plantae,Tracheophyta,Magnoliopsida,Aquifoliales,Aquifoliaceae,Ilex,guayusa,Ilex guayusa (Loes.),"Arbol (perennifolio, hasta 30 m)",Perenne,Erecto,"Agroforesteria tradicional (chakra), organico, sin fertilizantes/pesticidas sinteticos",Hoja,"Napo, Ecuador - Chakra C (Alto Tena)",Medium (6-8 anios),"Light (+, >=300 PPFD)","Extraccion asistida por ultrasonido (sonicacion 20 min, diluyente acuoso)",Agua con 2.0% acido formico y 10% acetonitrilo,NEG,ACQUITY UPLC CSH C18 1.7um (3.0x50mm) + VanGuard precolumn
83_MB_39_B+0_1_NEG,83_MB_39_B+0_1,ID_83,Sample,BATCH_1,83,Plantae,Tracheophyta,Magnoliopsida,Aquifoliales,Aquifoliaceae,Ilex,guayusa,Ilex guayusa (Loes.),"Arbol (perennifolio, hasta 30 m)",Perenne,Erecto,"Agroforesteria tradicional (chakra), organico, sin fertilizantes/pesticidas sinteticos",Hoja,"Napo, Ecuador - Chakra B (Alto Pano)",Early (4-6 anios),"Light (+, >=300 PPFD)","Extraccion asistida por ultrasonido (sonicacion 20 min, diluyente acuoso)",Agua con 2.0% acido formico y 10% acetonitrilo,NEG,ACQUITY UPLC CSH C18 1.7um (3.0x50mm) + VanGuard precolumn
84_MB_40_A-0_2_NEG,84_MB_40_A-0_2,ID_84,Sample,BATCH_1,84,Plantae,Tracheophyta,Magnoliopsida,Aquifoliales,Aquifoliaceae,Ilex,guayusa,Ilex guayusa (Loes.),"Arbol (perennifolio, hasta 30 m)",Perenne,Erecto,"Agroforesteria tradicional (chakra), organico, sin fertilizantes/pesticidas sinteticos",Hoja,"Napo, Ecuador - Chakra A (Talag)",Early (4-6 anios),"Shade (-, 0-200 PPFD)","Extraccion asistida por ultrasonido (sonicacion 20 min, diluyente acuoso)",Agua con 2.0% acido formico y 10% acetonitrilo,NEG,ACQUITY UPLC CSH C18 1.7um (3.0x50mm) + VanGuard precolumn
85_POOLED_QC_10_NEG,85_POOLED_QC_10,ID_85,QC,BATCH_1,85,Plantae,Tracheophyta,Magnoliopsida,Aquifoliales,Aquifoliaceae,Ilex,guayusa,Ilex guayusa (Loes.),"Arbol (perennifolio, hasta 30 m)",Perenne,Erecto,"Agroforesteria tradicional (chakra), organico, sin fertilizantes/pesticidas sinteticos",Hoja,,,,"Extraccion asistida por ultrasonido (sonicacion 20 min, diluyente acuoso)",Agua con 2.0% acido formico y 10% acetonitrilo,NEG,ACQUITY UPLC CSH C18 1.7um (3.0x50mm) + VanGuard precolumn
86_MB_41_B+1_1_NEG,86_MB_41_B+1_1,ID_86,Sample,BATCH_1,86,Plantae,Tracheophyta,Magnoliopsida,Aquifoliales,Aquifoliaceae,Ilex,guayusa,Ilex guayusa (Loes.),"Arbol (perennifolio, hasta 30 m)",Perenne,Erecto,"Agroforesteria tradicional (chakra), organico, sin fertilizantes/pesticidas sinteticos",Hoja,"Napo, Ecuador - Chakra B (Alto Pano)",Medium (6-8 anios),"Light (+, >=300 PPFD)","Extraccion asistida por ultrasonido (sonicacion 20 min, diluyente acuoso)",Agua con 2.0% acido formico y 10% acetonitrilo,NEG,ACQUITY UPLC CSH C18 1.7um (3.0x50mm) + VanGuard precolumn
87_MB_42_C-1_2_NEG,87_MB_42_C-1_2,ID_87,Sample,BATCH_1,87,Plantae,Tracheophyta,Magnoliopsida,Aquifoliales,Aquifoliaceae,Ilex,guayusa,Ilex guayusa (Loes.),"Arbol (perennifolio, hasta 30 m)",Perenne,Erecto,"Agroforesteria tradicional (chakra), organico, sin fertilizantes/pesticidas sinteticos",Hoja,"Napo, Ecuador - Chakra C (Alto Tena)",Medium (6-8 anios),"Shade (-, 0-200 PPFD)","Extraccion asistida por ultrasonido (sonicacion 20 min, diluyente acuoso)",Agua con 2.0% acido formico y 10% acetonitrilo,NEG,ACQUITY UPLC CSH C18 1.7um (3.0x50mm) + VanGuard precolumn
88_MB_43_B-2_1_NEG,88_MB_43_B-2_1,ID_88,Sample,BATCH_1,88,Plantae,Tracheophyta,Magnoliopsida,Aquifoliales,Aquifoliaceae,Ilex,guayusa,Ilex guayusa (Loes.),"Arbol (perennifolio, hasta 30 m)",Perenne,Erecto,"Agroforesteria tradicional (chakra), organico, sin fertilizantes/pesticidas sinteticos",Hoja,"Napo, Ecuador - Chakra B (Alto Pano)",Late (8-10 anios),"Shade (-, 0-200 PPFD)","Extraccion asistida por ultrasonido (sonicacion 20 min, diluyente acuoso)",Agua con 2.0% acido formico y 10% acetonitrilo,NEG,ACQUITY UPLC CSH C18 1.7um (3.0x50mm) + VanGuard precolumn
89_MB_44_C+1_3_NEG,89_MB_44_C+1_3,ID_89,Sample,BATCH_1,89,Plantae,Tracheophyta,Magnoliopsida,Aquifoliales,Aquifoliaceae,Ilex,guayusa,Ilex guayusa (Loes.),"Arbol (perennifolio, hasta 30 m)",Perenne,Erecto,"Agroforesteria tradicional (chakra), organico, sin fertilizantes/pesticidas sinteticos",Hoja,"Napo, Ecuador - Chakra C (Alto Tena)",Medium (6-8 anios),"Light (+, >=300 PPFD)","Extraccion asistida por ultrasonido (sonicacion 20 min, diluyente acuoso)",Agua con 2.0% acido formico y 10% acetonitrilo,NEG,ACQUITY UPLC CSH C18 1.7um (3.0x50mm) + VanGuard precolumn
90_MB_45_B-0_1_NEG,90_MB_45_B-0_1,ID_90,Sample,BATCH_1,90,Plantae,Tracheophyta,Magnoliopsida,Aquifoliales,Aquifoliaceae,Ilex,guayusa,Ilex guayusa (Loes.),"Arbol (perennifolio, hasta 30 m)",Perenne,Erecto,"Agroforesteria tradicional (chakra), organico, sin fertilizantes/pesticidas sinteticos",Hoja,"Napo, Ecuador - Chakra B (Alto Pano)",Early (4-6 anios),"Shade (-, 0-200 PPFD)","Extraccion asistida por ultrasonido (sonicacion 20 min, diluyente acuoso)",Agua con 2.0% acido formico y 10% acetonitrilo,NEG,ACQUITY UPLC CSH C18 1.7um (3.0x50mm) + VanGuard precolumn
91_POOLED_QC_11_NEG,91_POOLED_QC_11,ID_91,QC,BATCH_1,91,Plantae,Tracheophyta,Magnoliopsida,Aquifoliales,Aquifoliaceae,Ilex,guayusa,Ilex guayusa (Loes.),"Arbol (perennifolio, hasta 30 m)",Perenne,Erecto,"Agroforesteria tradicional (chakra), organico, sin fertilizantes/pesticidas sinteticos",Hoja,,,,"Extraccion asistida por ultrasonido (sonicacion 20 min, diluyente acuoso)",Agua con 2.0% acido formico y 10% acetonitrilo,NEG,ACQUITY UPLC CSH C18 1.7um (3.0x50mm) + VanGuard precolumn
92_MB_46_C-1_3_NEG,92_MB_46_C-1_3,ID_92,Sample,BATCH_1,92,Plantae,Tracheophyta,Magnoliopsida,Aquifoliales,Aquifoliaceae,Ilex,guayusa,Ilex guayusa (Loes.),"Arbol (perennifolio, hasta 30 m)",Perenne,Erecto,"Agroforesteria tradicional (chakra), organico, sin fertilizantes/pesticidas sinteticos",Hoja,"Napo, Ecuador - Chakra C (Alto Tena)",Medium (6-8 anios),"Shade (-, 0-200 PPFD)","Extraccion asistida por ultrasonido (sonicacion 20 min, diluyente acuoso)",Agua con 2.0% acido formico y 10% acetonitrilo,NEG,ACQUITY UPLC CSH C18 1.7um (3.0x50mm) + VanGuard precolumn
93_MB_47_C+0_3_NEG,93_MB_47_C+0_3,ID_93,Sample,BATCH_1,93,Plantae,Tracheophyta,Magnoliopsida,Aquifoliales,Aquifoliaceae,Ilex,guayusa,Ilex guayusa (Loes.),"Arbol (perennifolio, hasta 30 m)",Perenne,Erecto,"Agroforesteria tradicional (chakra), organico, sin fertilizantes/pesticidas sinteticos",Hoja,"Napo, Ecuador - Chakra C (Alto Tena)",Early (4-6 anios),"Light (+, >=300 PPFD)","Extraccion asistida por ultrasonido (sonicacion 20 min, diluyente acuoso)",Agua con 2.0% acido formico y 10% acetonitrilo,NEG,ACQUITY UPLC CSH C18 1.7um (3.0x50mm) + VanGuard precolumn
94_MB_48_B-0_2_NEG,94_MB_48_B-0_2,ID_94,Sample,BATCH_1,94,Plantae,Tracheophyta,Magnoliopsida,Aquifoliales,Aquifoliaceae,Ilex,guayusa,Ilex guayusa (Loes.),"Arbol (perennifolio, hasta 30 m)",Perenne,Erecto,"Agroforesteria tradicional (chakra), organico, sin fertilizantes/pesticidas sinteticos",Hoja,"Napo, Ecuador - Chakra B (Alto Pano)",Early (4-6 anios),"Shade (-, 0-200 PPFD)","Extraccion asistida por ultrasonido (sonicacion 20 min, diluyente acuoso)",Agua con 2.0% acido formico y 10% acetonitrilo,NEG,ACQUITY UPLC CSH C18 1.7um (3.0x50mm) + VanGuard precolumn
95_MB_49_A-0_3_NEG,95_MB_49_A-0_3,ID_95,Sample,BATCH_1,95,Plantae,Tracheophyta,Magnoliopsida,Aquifoliales,Aquifoliaceae,Ilex,guayusa,Ilex guayusa (Loes.),"Arbol (perennifolio, hasta 30 m)",Perenne,Erecto,"Agroforesteria tradicional (chakra), organico, sin fertilizantes/pesticidas sinteticos",Hoja,"Napo, Ecuador - Chakra A (Talag)",Early (4-6 anios),"Shade (-, 0-200 PPFD)","Extraccion asistida por ultrasonido (sonicacion 20 min, diluyente acuoso)",Agua con 2.0% acido formico y 10% acetonitrilo,NEG,ACQUITY UPLC CSH C18 1.7um (3.0x50mm) + VanGuard precolumn
96_MB_50_B-2_2_NEG,96_MB_50_B-2_2,ID_96,Sample,BATCH_1,96,Plantae,Tracheophyta,Magnoliopsida,Aquifoliales,Aquifoliaceae,Ilex,guayusa,Ilex guayusa (Loes.),"Arbol (perennifolio, hasta 30 m)",Perenne,Erecto,"Agroforesteria tradicional (chakra), organico, sin fertilizantes/pesticidas sinteticos",Hoja,"Napo, Ecuador - Chakra B (Alto Pano)",Late (8-10 anios),"Shade (-, 0-200 PPFD)","Extraccion asistida por ultrasonido (sonicacion 20 min, diluyente acuoso)",Agua con 2.0% acido formico y 10% acetonitrilo,NEG,ACQUITY UPLC CSH C18 1.7um (3.0x50mm) + VanGuard precolumn
97_POOLED_QC_12_NEG,97_POOLED_QC_12,ID_97,QC,BATCH_1,97,Plantae,Tracheophyta,Magnoliopsida,Aquifoliales,Aquifoliaceae,Ilex,guayusa,Ilex guayusa (Loes.),"Arbol (perennifolio, hasta 30 m)",Perenne,Erecto,"Agroforesteria tradicional (chakra), organico, sin fertilizantes/pesticidas sinteticos",Hoja,,,,"Extraccion asistida por ultrasonido (sonicacion 20 min, diluyente acuoso)",Agua con 2.0% acido formico y 10% acetonitrilo,NEG,ACQUITY UPLC CSH C18 1.7um (3.0x50mm) + VanGuard precolumn
98_MB_51_A-2_2_NEG,98_MB_51_A-2_2,ID_98,Sample,BATCH_1,98,Plantae,Tracheophyta,Magnoliopsida,Aquifoliales,Aquifoliaceae,Ilex,guayusa,Ilex guayusa (Loes.),"Arbol (perennifolio, hasta 30 m)",Perenne,Erecto,"Agroforesteria tradicional (chakra), organico, sin fertilizantes/pesticidas sinteticos",Hoja,"Napo, Ecuador - Chakra A (Talag)",Late (8-10 anios),"Shade (-, 0-200 PPFD)","Extraccion asistida por ultrasonido (sonicacion 20 min, diluyente acuoso)",Agua con 2.0% acido formico y 10% acetonitrilo,NEG,ACQUITY UPLC CSH C18 1.7um (3.0x50mm) + VanGuard precolumn
99_MB_52_C+1_1_NEG,99_MB_52_C+1_1,ID_99,Sample,BATCH_1,99,Plantae,Tracheophyta,Magnoliopsida,Aquifoliales,Aquifoliaceae,Ilex,guayusa,Ilex guayusa (Loes.),"Arbol (perennifolio, hasta 30 m)",Perenne,Erecto,"Agroforesteria tradicional (chakra), organico, sin fertilizantes/pesticidas sinteticos",Hoja,"Napo, Ecuador - Chakra C (Alto Tena)",Medium (6-8 anios),"Light (+, >=300 PPFD)","Extraccion asistida por ultrasonido (sonicacion 20 min, diluyente acuoso)",Agua con 2.0% acido formico y 10% acetonitrilo,NEG,ACQUITY UPLC CSH C18 1.7um (3.0x50mm) + VanGuard precolumn
100_MB_53_B-2_3_POS,100_MB_53_B-2_3,,Sample,BATCH_2,100,Plantae,Tracheophyta,Magnoliopsida,Aquifoliales,Aquifoliaceae,Ilex,guayusa,Ilex guayusa (Loes.),"Arbol (perennifolio, hasta 30 m)",Perenne,Erecto,"Agroforesteria tradicional (chakra), organico, sin fertilizantes/pesticidas sinteticos",Hoja,"Napo, Ecuador - Chakra B (Alto Pano)",Late (8-10 anios),"Shade (-, 0-200 PPFD)","Extraccion asistida por ultrasonido (sonicacion 20 min, diluyente acuoso)",Agua con 2.0% acido formico y 10% acetonitrilo,POS,ACQUITY UPLC CSH C18 1.7um (3.0x50mm) + VanGuard precolumn
101_MB_54_C+2_2_POS,101_MB_54_C+2_2,,Sample,BATCH_2,101,Plantae,Tracheophyta,Magnoliopsida,Aquifoliales,Aquifoliaceae,Ilex,guayusa,Ilex guayusa (Loes.),"Arbol (perennifolio, hasta 30 m)",Perenne,Erecto,"Agroforesteria tradicional (chakra), organico, sin fertilizantes/pesticidas sinteticos",Hoja,"Napo, Ecuador - Chakra C (Alto Tena)",Late (8-10 anios),"Light (+, >=300 PPFD)","Extraccion asistida por ultrasonido (sonicacion 20 min, diluyente acuoso)",Agua con 2.0% acido formico y 10% acetonitrilo,POS,ACQUITY UPLC CSH C18 1.7um (3.0x50mm) + VanGuard precolumn
102_GC_4_B_POS,102_GC_4_B,,SubQC,BATCH_2,102,Plantae,Tracheophyta,Magnoliopsida,Aquifoliales,Aquifoliaceae,Ilex,guayusa,Ilex guayusa (Loes.),"Arbol (perennifolio, hasta 30 m)",Perenne,Erecto,"Agroforesteria tradicional (chakra), organico, sin fertilizantes/pesticidas sinteticos",Hoja,"Napo, Ecuador - Chakra B (Alto Pano)",,,"Extraccion asistida por ultrasonido (sonicacion 20 min, diluyente acuoso)",Agua con 2.0% acido formico y 10% acetonitrilo,POS,ACQUITY UPLC CSH C18 1.7um (3.0x50mm) + VanGuard precolumn
103_GC_4_2_POS,103_GC_4_2,,SubQC,BATCH_2,103,Plantae,Tracheophyta,Magnoliopsida,Aquifoliales,Aquifoliaceae,Ilex,guayusa,Ilex guayusa (Loes.),"Arbol (perennifolio, hasta 30 m)",Perenne,Erecto,"Agroforesteria tradicional (chakra), organico, sin fertilizantes/pesticidas sinteticos",Hoja,,Late (8-10 anios),,"Extraccion asistida por ultrasonido (sonicacion 20 min, diluyente acuoso)",Agua con 2.0% acido formico y 10% acetonitrilo,POS,ACQUITY UPLC CSH C18 1.7um (3.0x50mm) + VanGuard precolumn
104_GC_4_-_POS,104_GC_4_-,,SubQC,BATCH_2,104,Plantae,Tracheophyta,Magnoliopsida,Aquifoliales,Aquifoliaceae,Ilex,guayusa,Ilex guayusa (Loes.),"Arbol (perennifolio, hasta 30 m)",Perenne,Erecto,"Agroforesteria tradicional (chakra), organico, sin fertilizantes/pesticidas sinteticos",Hoja,,,"Shade (-, 0-200 PPFD)","Extraccion asistida por ultrasonido (sonicacion 20 min, diluyente acuoso)",Agua con 2.0% acido formico y 10% acetonitrilo,POS,ACQUITY UPLC CSH C18 1.7um (3.0x50mm) + VanGuard precolumn
105_GC_4_0_POS,105_GC_4_0,,SubQC,BATCH_2,105,Plantae,Tracheophyta,Magnoliopsida,Aquifoliales,Aquifoliaceae,Ilex,guayusa,Ilex guayusa (Loes.),"Arbol (perennifolio, hasta 30 m)",Perenne,Erecto,"Agroforesteria tradicional (chakra), organico, sin fertilizantes/pesticidas sinteticos",Hoja,,Early (4-6 anios),,"Extraccion asistida por ultrasonido (sonicacion 20 min, diluyente acuoso)",Agua con 2.0% acido formico y 10% acetonitrilo,POS,ACQUITY UPLC CSH C18 1.7um (3.0x50mm) + VanGuard precolumn
106_GC_4_A_POS,106_GC_4_A,,SubQC,BATCH_2,106,Plantae,Tracheophyta,Magnoliopsida,Aquifoliales,Aquifoliaceae,Ilex,guayusa,Ilex guayusa (Loes.),"Arbol (perennifolio, hasta 30 m)",Perenne,Erecto,"Agroforesteria tradicional (chakra), organico, sin fertilizantes/pesticidas sinteticos",Hoja,"Napo, Ecuador - Chakra A (Talag)",,,"Extraccion asistida por ultrasonido (sonicacion 20 min, diluyente acuoso)",Agua con 2.0% acido formico y 10% acetonitrilo,POS,ACQUITY UPLC CSH C18 1.7um (3.0x50mm) + VanGuard precolumn
107_GC_4_C_POS,107_GC_4_C,,SubQC,BATCH_2,107,Plantae,Tracheophyta,Magnoliopsida,Aquifoliales,Aquifoliaceae,Ilex,guayusa,Ilex guayusa (Loes.),"Arbol (perennifolio, hasta 30 m)",Perenne,Erecto,"Agroforesteria tradicional (chakra), organico, sin fertilizantes/pesticidas sinteticos",Hoja,"Napo, Ecuador - Chakra C (Alto Tena)",,,"Extraccion asistida por ultrasonido (sonicacion 20 min, diluyente acuoso)",Agua con 2.0% acido formico y 10% acetonitrilo,POS,ACQUITY UPLC CSH C18 1.7um (3.0x50mm) + VanGuard precolumn
108_POOLED_QC_13_POS,108_POOLED_QC_13,,QC,BATCH_2,108,Plantae,Tracheophyta,Magnoliopsida,Aquifoliales,Aquifoliaceae,Ilex,guayusa,Ilex guayusa (Loes.),"Arbol (perennifolio, hasta 30 m)",Perenne,Erecto,"Agroforesteria tradicional (chakra), organico, sin fertilizantes/pesticidas sinteticos",Hoja,,,,"Extraccion asistida por ultrasonido (sonicacion 20 min, diluyente acuoso)",Agua con 2.0% acido formico y 10% acetonitrilo,POS,ACQUITY UPLC CSH C18 1.7um (3.0x50mm) + VanGuard precolumn
109_GC_4_1_POS,109_GC_4_1,,SubQC,BATCH_2,109,Plantae,Tracheophyta,Magnoliopsida,Aquifoliales,Aquifoliaceae,Ilex,guayusa,Ilex guayusa (Loes.),"Arbol (perennifolio, hasta 30 m)",Perenne,Erecto,"Agroforesteria tradicional (chakra), organico, sin fertilizantes/pesticidas sinteticos",Hoja,,Medium (6-8 anios),,"Extraccion asistida por ultrasonido (sonicacion 20 min, diluyente acuoso)",Agua con 2.0% acido formico y 10% acetonitrilo,POS,ACQUITY UPLC CSH C18 1.7um (3.0x50mm) + VanGuard precolumn
110_GC_4_+_POS,110_GC_4_+,,SubQC,BATCH_2,110,Plantae,Tracheophyta,Magnoliopsida,Aquifoliales,Aquifoliaceae,Ilex,guayusa,Ilex guayusa (Loes.),"Arbol (perennifolio, hasta 30 m)",Perenne,Erecto,"Agroforesteria tradicional (chakra), organico, sin fertilizantes/pesticidas sinteticos",Hoja,,,"Light (+, >=300 PPFD)","Extraccion asistida por ultrasonido (sonicacion 20 min, diluyente acuoso)",Agua con 2.0% acido formico y 10% acetonitrilo,POS,ACQUITY UPLC CSH C18 1.7um (3.0x50mm) + VanGuard precolumn
111_POOLED_QC_14_POS,111_POOLED_QC_14,,QC,BATCH_2,111,Plantae,Tracheophyta,Magnoliopsida,Aquifoliales,Aquifoliaceae,Ilex,guayusa,Ilex guayusa (Loes.),"Arbol (perennifolio, hasta 30 m)",Perenne,Erecto,"Agroforesteria tradicional (chakra), organico, sin fertilizantes/pesticidas sinteticos",Hoja,,,,"Extraccion asistida por ultrasonido (sonicacion 20 min, diluyente acuoso)",Agua con 2.0% acido formico y 10% acetonitrilo,POS,ACQUITY UPLC CSH C18 1.7um (3.0x50mm) + VanGuard precolumn
12_POOLED_QC_1_POS,12_POOLED_QC_1,,QC,BATCH_2,12,Plantae,Tracheophyta,Magnoliopsida,Aquifoliales,Aquifoliaceae,Ilex,guayusa,Ilex guayusa (Loes.),"Arbol (perennifolio, hasta 30 m)",Perenne,Erecto,"Agroforesteria tradicional (chakra), organico, sin fertilizantes/pesticidas sinteticos",Hoja,,,,"Extraccion asistida por ultrasonido (sonicacion 20 min, diluyente acuoso)",Agua con 2.0% acido formico y 10% acetonitrilo,POS,ACQUITY UPLC CSH C18 1.7um (3.0x50mm) + VanGuard precolumn
13_GC_1_A_POS,13_GC_1_A,,SubQC,BATCH_2,13,Plantae,Tracheophyta,Magnoliopsida,Aquifoliales,Aquifoliaceae,Ilex,guayusa,Ilex guayusa (Loes.),"Arbol (perennifolio, hasta 30 m)",Perenne,Erecto,"Agroforesteria tradicional (chakra), organico, sin fertilizantes/pesticidas sinteticos",Hoja,"Napo, Ecuador - Chakra A (Talag)",,,"Extraccion asistida por ultrasonido (sonicacion 20 min, diluyente acuoso)",Agua con 2.0% acido formico y 10% acetonitrilo,POS,ACQUITY UPLC CSH C18 1.7um (3.0x50mm) + VanGuard precolumn
14_POOLED_QC_2_POS,14_POOLED_QC_2,,QC,BATCH_2,14,Plantae,Tracheophyta,Magnoliopsida,Aquifoliales,Aquifoliaceae,Ilex,guayusa,Ilex guayusa (Loes.),"Arbol (perennifolio, hasta 30 m)",Perenne,Erecto,"Agroforesteria tradicional (chakra), organico, sin fertilizantes/pesticidas sinteticos",Hoja,,,,"Extraccion asistida por ultrasonido (sonicacion 20 min, diluyente acuoso)",Agua con 2.0% acido formico y 10% acetonitrilo,POS,ACQUITY UPLC CSH C18 1.7um (3.0x50mm) + VanGuard precolumn
15_GC_1_+_POS,15_GC_1_+,,SubQC,BATCH_2,15,Plantae,Tracheophyta,Magnoliopsida,Aquifoliales,Aquifoliaceae,Ilex,guayusa,Ilex guayusa (Loes.),"Arbol (perennifolio, hasta 30 m)",Perenne,Erecto,"Agroforesteria tradicional (chakra), organico, sin fertilizantes/pesticidas sinteticos",Hoja,,,"Light (+, >=300 PPFD)","Extraccion asistida por ultrasonido (sonicacion 20 min, diluyente acuoso)",Agua con 2.0% acido formico y 10% acetonitrilo,POS,ACQUITY UPLC CSH C18 1.7um (3.0x50mm) + VanGuard precolumn
16_GC_1_1_POS,16_GC_1_1,,SubQC,BATCH_2,16,Plantae,Tracheophyta,Magnoliopsida,Aquifoliales,Aquifoliaceae,Ilex,guayusa,Ilex guayusa (Loes.),"Arbol (perennifolio, hasta 30 m)",Perenne,Erecto,"Agroforesteria tradicional (chakra), organico, sin fertilizantes/pesticidas sinteticos",Hoja,,Medium (6-8 anios),,"Extraccion asistida por ultrasonido (sonicacion 20 min, diluyente acuoso)",Agua con 2.0% acido formico y 10% acetonitrilo,POS,ACQUITY UPLC CSH C18 1.7um (3.0x50mm) + VanGuard precolumn
17_GC_1_2_POS,17_GC_1_2,,SubQC,BATCH_2,17,Plantae,Tracheophyta,Magnoliopsida,Aquifoliales,Aquifoliaceae,Ilex,guayusa,Ilex guayusa (Loes.),"Arbol (perennifolio, hasta 30 m)",Perenne,Erecto,"Agroforesteria tradicional (chakra), organico, sin fertilizantes/pesticidas sinteticos",Hoja,,Late (8-10 anios),,"Extraccion asistida por ultrasonido (sonicacion 20 min, diluyente acuoso)",Agua con 2.0% acido formico y 10% acetonitrilo,POS,ACQUITY UPLC CSH C18 1.7um (3.0x50mm) + VanGuard precolumn
18_GC_1_C_POS,18_GC_1_C,,SubQC,BATCH_2,18,Plantae,Tracheophyta,Magnoliopsida,Aquifoliales,Aquifoliaceae,Ilex,guayusa,Ilex guayusa (Loes.),"Arbol (perennifolio, hasta 30 m)",Perenne,Erecto,"Agroforesteria tradicional (chakra), organico, sin fertilizantes/pesticidas sinteticos",Hoja,"Napo, Ecuador - Chakra C (Alto Tena)",,,"Extraccion asistida por ultrasonido (sonicacion 20 min, diluyente acuoso)",Agua con 2.0% acido formico y 10% acetonitrilo,POS,ACQUITY UPLC CSH C18 1.7um (3.0x50mm) + VanGuard precolumn
19_GC_1_B_POS,19_GC_1_B,,SubQC,BATCH_2,19,Plantae,Tracheophyta,Magnoliopsida,Aquifoliales,Aquifoliaceae,Ilex,guayusa,Ilex guayusa (Loes.),"Arbol (perennifolio, hasta 30 m)",Perenne,Erecto,"Agroforesteria tradicional (chakra), organico, sin fertilizantes/pesticidas sinteticos",Hoja,"Napo, Ecuador - Chakra B (Alto Pano)",,,"Extraccion asistida por ultrasonido (sonicacion 20 min, diluyente acuoso)",Agua con 2.0% acido formico y 10% acetonitrilo,POS,ACQUITY UPLC CSH C18 1.7um (3.0x50mm) + VanGuard precolumn
20_GC_1_-_POS,20_GC_1_-,,SubQC,BATCH_2,20,Plantae,Tracheophyta,Magnoliopsida,Aquifoliales,Aquifoliaceae,Ilex,guayusa,Ilex guayusa (Loes.),"Arbol (perennifolio, hasta 30 m)",Perenne,Erecto,"Agroforesteria tradicional (chakra), organico, sin fertilizantes/pesticidas sinteticos",Hoja,,,"Shade (-, 0-200 PPFD)","Extraccion asistida por ultrasonido (sonicacion 20 min, diluyente acuoso)",Agua con 2.0% acido formico y 10% acetonitrilo,POS,ACQUITY UPLC CSH C18 1.7um (3.0x50mm) + VanGuard precolumn
21_GC_1_0_POS,21_GC_1_0,,SubQC,BATCH_2,21,Plantae,Tracheophyta,Magnoliopsida,Aquifoliales,Aquifoliaceae,Ilex,guayusa,Ilex guayusa (Loes.),"Arbol (perennifolio, hasta 30 m)",Perenne,Erecto,"Agroforesteria tradicional (chakra), organico, sin fertilizantes/pesticidas sinteticos",Hoja,,Early (4-6 anios),,"Extraccion asistida por ultrasonido (sonicacion 20 min, diluyente acuoso)",Agua con 2.0% acido formico y 10% acetonitrilo,POS,ACQUITY UPLC CSH C18 1.7um (3.0x50mm) + VanGuard precolumn
22_MB_1_C-0_1_POS,22_MB_1_C-0_1,,Sample,BATCH_2,22,Plantae,Tracheophyta,Magnoliopsida,Aquifoliales,Aquifoliaceae,Ilex,guayusa,Ilex guayusa (Loes.),"Arbol (perennifolio, hasta 30 m)",Perenne,Erecto,"Agroforesteria tradicional (chakra), organico, sin fertilizantes/pesticidas sinteticos",Hoja,"Napo, Ecuador - Chakra C (Alto Tena)",,"Shade (-, 0-200 PPFD)","Extraccion asistida por ultrasonido (sonicacion 20 min, diluyente acuoso)",Agua con 2.0% acido formico y 10% acetonitrilo,POS,ACQUITY UPLC CSH C18 1.7um (3.0x50mm) + VanGuard precolumn
23_MB_2_C-2_1_POS,23_MB_2_C-2_1,,Sample,BATCH_2,23,Plantae,Tracheophyta,Magnoliopsida,Aquifoliales,Aquifoliaceae,Ilex,guayusa,Ilex guayusa (Loes.),"Arbol (perennifolio, hasta 30 m)",Perenne,Erecto,"Agroforesteria tradicional (chakra), organico, sin fertilizantes/pesticidas sinteticos",Hoja,"Napo, Ecuador - Chakra C (Alto Tena)",Late (8-10 anios),"Shade (-, 0-200 PPFD)","Extraccion asistida por ultrasonido (sonicacion 20 min, diluyente acuoso)",Agua con 2.0% acido formico y 10% acetonitrilo,POS,ACQUITY UPLC CSH C18 1.7um (3.0x50mm) + VanGuard precolumn
24_MB_3_A+2_1_POS,24_MB_3_A+2_1,,Sample,BATCH_2,24,Plantae,Tracheophyta,Magnoliopsida,Aquifoliales,Aquifoliaceae,Ilex,guayusa,Ilex guayusa (Loes.),"Arbol (perennifolio, hasta 30 m)",Perenne,Erecto,"Agroforesteria tradicional (chakra), organico, sin fertilizantes/pesticidas sinteticos",Hoja,"Napo, Ecuador - Chakra A (Talag)",Late (8-10 anios),"Light (+, >=300 PPFD)","Extraccion asistida por ultrasonido (sonicacion 20 min, diluyente acuoso)",Agua con 2.0% acido formico y 10% acetonitrilo,POS,ACQUITY UPLC CSH C18 1.7um (3.0x50mm) + VanGuard precolumn
25_MB_4_B+1_2_POS,25_MB_4_B+1_2,,Sample,BATCH_2,25,Plantae,Tracheophyta,Magnoliopsida,Aquifoliales,Aquifoliaceae,Ilex,guayusa,Ilex guayusa (Loes.),"Arbol (perennifolio, hasta 30 m)",Perenne,Erecto,"Agroforesteria tradicional (chakra), organico, sin fertilizantes/pesticidas sinteticos",Hoja,"Napo, Ecuador - Chakra B (Alto Pano)",Medium (6-8 anios),"Light (+, >=300 PPFD)","Extraccion asistida por ultrasonido (sonicacion 20 min, diluyente acuoso)",Agua con 2.0% acido formico y 10% acetonitrilo,POS,ACQUITY UPLC CSH C18 1.7um (3.0x50mm) + VanGuard precolumn
26_MB_5_A+1_1_POS,26_MB_5_A+1_1,,Sample,BATCH_2,26,Plantae,Tracheophyta,Magnoliopsida,Aquifoliales,Aquifoliaceae,Ilex,guayusa,Ilex guayusa (Loes.),"Arbol (perennifolio, hasta 30 m)",Perenne,Erecto,"Agroforesteria tradicional (chakra), organico, sin fertilizantes/pesticidas sinteticos",Hoja,"Napo, Ecuador - Chakra A (Talag)",Medium (6-8 anios),"Light (+, >=300 PPFD)","Extraccion asistida por ultrasonido (sonicacion 20 min, diluyente acuoso)",Agua con 2.0% acido formico y 10% acetonitrilo,POS,ACQUITY UPLC CSH C18 1.7um (3.0x50mm) + VanGuard precolumn
27_POOLED_QC_3_POS,27_POOLED_QC_3,,QC,BATCH_2,27,Plantae,Tracheophyta,Magnoliopsida,Aquifoliales,Aquifoliaceae,Ilex,guayusa,Ilex guayusa (Loes.),"Arbol (perennifolio, hasta 30 m)",Perenne,Erecto,"Agroforesteria tradicional (chakra), organico, sin fertilizantes/pesticidas sinteticos",Hoja,,,,"Extraccion asistida por ultrasonido (sonicacion 20 min, diluyente acuoso)",Agua con 2.0% acido formico y 10% acetonitrilo,POS,ACQUITY UPLC CSH C18 1.7um (3.0x50mm) + VanGuard precolumn
28_MB_6_A-0_1_POS,28_MB_6_A-0_1,,Sample,BATCH_2,28,Plantae,Tracheophyta,Magnoliopsida,Aquifoliales,Aquifoliaceae,Ilex,guayusa,Ilex guayusa (Loes.),"Arbol (perennifolio, hasta 30 m)",Perenne,Erecto,"Agroforesteria tradicional (chakra), organico, sin fertilizantes/pesticidas sinteticos",Hoja,"Napo, Ecuador - Chakra A (Talag)",,"Shade (-, 0-200 PPFD)","Extraccion asistida por ultrasonido (sonicacion 20 min, diluyente acuoso)",Agua con 2.0% acido formico y 10% acetonitrilo,POS,ACQUITY UPLC CSH C18 1.7um (3.0x50mm) + VanGuard precolumn
29_MB_7_C+2_3_POS,29_MB_7_C+2_3,,Sample,BATCH_2,29,Plantae,Tracheophyta,Magnoliopsida,Aquifoliales,Aquifoliaceae,Ilex,guayusa,Ilex guayusa (Loes.),"Arbol (perennifolio, hasta 30 m)",Perenne,Erecto,"Agroforesteria tradicional (chakra), organico, sin fertilizantes/pesticidas sinteticos",Hoja,"Napo, Ecuador - Chakra C (Alto Tena)",Late (8-10 anios),"Light (+, >=300 PPFD)","Extraccion asistida por ultrasonido (sonicacion 20 min, diluyente acuoso)",Agua con 2.0% acido formico y 10% acetonitrilo,POS,ACQUITY UPLC CSH C18 1.7um (3.0x50mm) + VanGuard precolumn
30_MB_8_B+0_2_POS,30_MB_8_B+0_2,,Sample,BATCH_2,30,Plantae,Tracheophyta,Magnoliopsida,Aquifoliales,Aquifoliaceae,Ilex,guayusa,Ilex guayusa (Loes.),"Arbol (perennifolio, hasta 30 m)",Perenne,Erecto,"Agroforesteria tradicional (chakra), organico, sin fertilizantes/pesticidas sinteticos",Hoja,"Napo, Ecuador - Chakra B (Alto Pano)",,"Light (+, >=300 PPFD)","Extraccion asistida por ultrasonido (sonicacion 20 min, diluyente acuoso)",Agua con 2.0% acido formico y 10% acetonitrilo,POS,ACQUITY UPLC CSH C18 1.7um (3.0x50mm) + VanGuard precolumn
31_MB_9_C-0_2_POS,31_MB_9_C-0_2,,Sample,BATCH_2,31,Plantae,Tracheophyta,Magnoliopsida,Aquifoliales,Aquifoliaceae,Ilex,guayusa,Ilex guayusa (Loes.),"Arbol (perennifolio, hasta 30 m)",Perenne,Erecto,"Agroforesteria tradicional (chakra), organico, sin fertilizantes/pesticidas sinteticos",Hoja,"Napo, Ecuador - Chakra C (Alto Tena)",,"Shade (-, 0-200 PPFD)","Extraccion asistida por ultrasonido (sonicacion 20 min, diluyente acuoso)",Agua con 2.0% acido formico y 10% acetonitrilo,POS,ACQUITY UPLC CSH C18 1.7um (3.0x50mm) + VanGuard precolumn
32_MB_10_A+2_2_POS,32_MB_10_A+2_2,,Sample,BATCH_2,32,Plantae,Tracheophyta,Magnoliopsida,Aquifoliales,Aquifoliaceae,Ilex,guayusa,Ilex guayusa (Loes.),"Arbol (perennifolio, hasta 30 m)",Perenne,Erecto,"Agroforesteria tradicional (chakra), organico, sin fertilizantes/pesticidas sinteticos",Hoja,"Napo, Ecuador - Chakra A (Talag)",Late (8-10 anios),"Light (+, >=300 PPFD)","Extraccion asistida por ultrasonido (sonicacion 20 min, diluyente acuoso)",Agua con 2.0% acido formico y 10% acetonitrilo,POS,ACQUITY UPLC CSH C18 1.7um (3.0x50mm) + VanGuard precolumn
33_POOLED_QC_4_POS,33_POOLED_QC_4,,QC,BATCH_2,33,Plantae,Tracheophyta,Magnoliopsida,Aquifoliales,Aquifoliaceae,Ilex,guayusa,Ilex guayusa (Loes.),"Arbol (perennifolio, hasta 30 m)",Perenne,Erecto,"Agroforesteria tradicional (chakra), organico, sin fertilizantes/pesticidas sinteticos",Hoja,,,,"Extraccion asistida por ultrasonido (sonicacion 20 min, diluyente acuoso)",Agua con 2.0% acido formico y 10% acetonitrilo,POS,ACQUITY UPLC CSH C18 1.7um (3.0x50mm) + VanGuard precolumn
34_MB_11_A-1_1_POS,34_MB_11_A-1_1,,Sample,BATCH_2,34,Plantae,Tracheophyta,Magnoliopsida,Aquifoliales,Aquifoliaceae,Ilex,guayusa,Ilex guayusa (Loes.),"Arbol (perennifolio, hasta 30 m)",Perenne,Erecto,"Agroforesteria tradicional (chakra), organico, sin fertilizantes/pesticidas sinteticos",Hoja,"Napo, Ecuador - Chakra A (Talag)",Medium (6-8 anios),"Shade (-, 0-200 PPFD)","Extraccion asistida por ultrasonido (sonicacion 20 min, diluyente acuoso)",Agua con 2.0% acido formico y 10% acetonitrilo,POS,ACQUITY UPLC CSH C18 1.7um (3.0x50mm) + VanGuard precolumn
35_MB_12_A+2_3_POS,35_MB_12_A+2_3,,Sample,BATCH_2,35,Plantae,Tracheophyta,Magnoliopsida,Aquifoliales,Aquifoliaceae,Ilex,guayusa,Ilex guayusa (Loes.),"Arbol (perennifolio, hasta 30 m)",Perenne,Erecto,"Agroforesteria tradicional (chakra), organico, sin fertilizantes/pesticidas sinteticos",Hoja,"Napo, Ecuador - Chakra A (Talag)",Late (8-10 anios),"Light (+, >=300 PPFD)","Extraccion asistida por ultrasonido (sonicacion 20 min, diluyente acuoso)",Agua con 2.0% acido formico y 10% acetonitrilo,POS,ACQUITY UPLC CSH C18 1.7um (3.0x50mm) + VanGuard precolumn
36_MB_13_A+0_1_POS,36_MB_13_A+0_1,,Sample,BATCH_2,36,Plantae,Tracheophyta,Magnoliopsida,Aquifoliales,Aquifoliaceae,Ilex,guayusa,Ilex guayusa (Loes.),"Arbol (perennifolio, hasta 30 m)",Perenne,Erecto,"Agroforesteria tradicional (chakra), organico, sin fertilizantes/pesticidas sinteticos",Hoja,"Napo, Ecuador - Chakra A (Talag)",,"Light (+, >=300 PPFD)","Extraccion asistida por ultrasonido (sonicacion 20 min, diluyente acuoso)",Agua con 2.0% acido formico y 10% acetonitrilo,POS,ACQUITY UPLC CSH C18 1.7um (3.0x50mm) + VanGuard precolumn
37_MB_14_C-0_3_POS,37_MB_14_C-0_3,,Sample,BATCH_2,37,Plantae,Tracheophyta,Magnoliopsida,Aquifoliales,Aquifoliaceae,Ilex,guayusa,Ilex guayusa (Loes.),"Arbol (perennifolio, hasta 30 m)",Perenne,Erecto,"Agroforesteria tradicional (chakra), organico, sin fertilizantes/pesticidas sinteticos",Hoja,"Napo, Ecuador - Chakra C (Alto Tena)",,"Shade (-, 0-200 PPFD)","Extraccion asistida por ultrasonido (sonicacion 20 min, diluyente acuoso)",Agua con 2.0% acido formico y 10% acetonitrilo,POS,ACQUITY UPLC CSH C18 1.7um (3.0x50mm) + VanGuard precolumn
38_MB_15_B+0_3_POS,38_MB_15_B+0_3,,Sample,BATCH_2,38,Plantae,Tracheophyta,Magnoliopsida,Aquifoliales,Aquifoliaceae,Ilex,guayusa,Ilex guayusa (Loes.),"Arbol (perennifolio, hasta 30 m)",Perenne,Erecto,"Agroforesteria tradicional (chakra), organico, sin fertilizantes/pesticidas sinteticos",Hoja,"Napo, Ecuador - Chakra B (Alto Pano)",,"Light (+, >=300 PPFD)","Extraccion asistida por ultrasonido (sonicacion 20 min, diluyente acuoso)",Agua con 2.0% acido formico y 10% acetonitrilo,POS,ACQUITY UPLC CSH C18 1.7um (3.0x50mm) + VanGuard precolumn
39_POOLED_QC_5_POS,39_POOLED_QC_5,,QC,BATCH_2,39,Plantae,Tracheophyta,Magnoliopsida,Aquifoliales,Aquifoliaceae,Ilex,guayusa,Ilex guayusa (Loes.),"Arbol (perennifolio, hasta 30 m)",Perenne,Erecto,"Agroforesteria tradicional (chakra), organico, sin fertilizantes/pesticidas sinteticos",Hoja,,,,"Extraccion asistida por ultrasonido (sonicacion 20 min, diluyente acuoso)",Agua con 2.0% acido formico y 10% acetonitrilo,POS,ACQUITY UPLC CSH C18 1.7um (3.0x50mm) + VanGuard precolumn
40_GC_2_A_POS,40_GC_2_A,,SubQC,BATCH_2,40,Plantae,Tracheophyta,Magnoliopsida,Aquifoliales,Aquifoliaceae,Ilex,guayusa,Ilex guayusa (Loes.),"Arbol (perennifolio, hasta 30 m)",Perenne,Erecto,"Agroforesteria tradicional (chakra), organico, sin fertilizantes/pesticidas sinteticos",Hoja,"Napo, Ecuador - Chakra A (Talag)",,,"Extraccion asistida por ultrasonido (sonicacion 20 min, diluyente acuoso)",Agua con 2.0% acido formico y 10% acetonitrilo,POS,ACQUITY UPLC CSH C18 1.7um (3.0x50mm) + VanGuard precolumn
41_GC_2_1_POS,41_GC_2_1,,SubQC,BATCH_2,41,Plantae,Tracheophyta,Magnoliopsida,Aquifoliales,Aquifoliaceae,Ilex,guayusa,Ilex guayusa (Loes.),"Arbol (perennifolio, hasta 30 m)",Perenne,Erecto,"Agroforesteria tradicional (chakra), organico, sin fertilizantes/pesticidas sinteticos",Hoja,,Medium (6-8 anios),,"Extraccion asistida por ultrasonido (sonicacion 20 min, diluyente acuoso)",Agua con 2.0% acido formico y 10% acetonitrilo,POS,ACQUITY UPLC CSH C18 1.7um (3.0x50mm) + VanGuard precolumn
42_GC_2_0_POS,42_GC_2_0,,SubQC,BATCH_2,42,Plantae,Tracheophyta,Magnoliopsida,Aquifoliales,Aquifoliaceae,Ilex,guayusa,Ilex guayusa (Loes.),"Arbol (perennifolio, hasta 30 m)",Perenne,Erecto,"Agroforesteria tradicional (chakra), organico, sin fertilizantes/pesticidas sinteticos",Hoja,,Early (4-6 anios),,"Extraccion asistida por ultrasonido (sonicacion 20 min, diluyente acuoso)",Agua con 2.0% acido formico y 10% acetonitrilo,POS,ACQUITY UPLC CSH C18 1.7um (3.0x50mm) + VanGuard precolumn
43_GC_2_B_POS,43_GC_2_B,,SubQC,BATCH_2,43,Plantae,Tracheophyta,Magnoliopsida,Aquifoliales,Aquifoliaceae,Ilex,guayusa,Ilex guayusa (Loes.),"Arbol (perennifolio, hasta 30 m)",Perenne,Erecto,"Agroforesteria tradicional (chakra), organico, sin fertilizantes/pesticidas sinteticos",Hoja,"Napo, Ecuador - Chakra B (Alto Pano)",,,"Extraccion asistida por ultrasonido (sonicacion 20 min, diluyente acuoso)",Agua con 2.0% acido formico y 10% acetonitrilo,POS,ACQUITY UPLC CSH C18 1.7um (3.0x50mm) + VanGuard precolumn
44_GC_2_C_POS,44_GC_2_C,,SubQC,BATCH_2,44,Plantae,Tracheophyta,Magnoliopsida,Aquifoliales,Aquifoliaceae,Ilex,guayusa,Ilex guayusa (Loes.),"Arbol (perennifolio, hasta 30 m)",Perenne,Erecto,"Agroforesteria tradicional (chakra), organico, sin fertilizantes/pesticidas sinteticos",Hoja,"Napo, Ecuador - Chakra C (Alto Tena)",,,"Extraccion asistida por ultrasonido (sonicacion 20 min, diluyente acuoso)",Agua con 2.0% acido formico y 10% acetonitrilo,POS,ACQUITY UPLC CSH C18 1.7um (3.0x50mm) + VanGuard precolumn
45_GC_2_+_POS,45_GC_2_+,,SubQC,BATCH_2,45,Plantae,Tracheophyta,Magnoliopsida,Aquifoliales,Aquifoliaceae,Ilex,guayusa,Ilex guayusa (Loes.),"Arbol (perennifolio, hasta 30 m)",Perenne,Erecto,"Agroforesteria tradicional (chakra), organico, sin fertilizantes/pesticidas sinteticos",Hoja,,,"Light (+, >=300 PPFD)","Extraccion asistida por ultrasonido (sonicacion 20 min, diluyente acuoso)",Agua con 2.0% acido formico y 10% acetonitrilo,POS,ACQUITY UPLC CSH C18 1.7um (3.0x50mm) + VanGuard precolumn
46_GC_2_-_POS,46_GC_2_-,,SubQC,BATCH_2,46,Plantae,Tracheophyta,Magnoliopsida,Aquifoliales,Aquifoliaceae,Ilex,guayusa,Ilex guayusa (Loes.),"Arbol (perennifolio, hasta 30 m)",Perenne,Erecto,"Agroforesteria tradicional (chakra), organico, sin fertilizantes/pesticidas sinteticos",Hoja,,,"Shade (-, 0-200 PPFD)","Extraccion asistida por ultrasonido (sonicacion 20 min, diluyente acuoso)",Agua con 2.0% acido formico y 10% acetonitrilo,POS,ACQUITY UPLC CSH C18 1.7um (3.0x50mm) + VanGuard precolumn
47_GC_2_2_POS,47_GC_2_2,,SubQC,BATCH_2,47,Plantae,Tracheophyta,Magnoliopsida,Aquifoliales,Aquifoliaceae,Ilex,guayusa,Ilex guayusa (Loes.),"Arbol (perennifolio, hasta 30 m)",Perenne,Erecto,"Agroforesteria tradicional (chakra), organico, sin fertilizantes/pesticidas sinteticos",Hoja,,Late (8-10 anios),,"Extraccion asistida por ultrasonido (sonicacion 20 min, diluyente acuoso)",Agua con 2.0% acido formico y 10% acetonitrilo,POS,ACQUITY UPLC CSH C18 1.7um (3.0x50mm) + VanGuard precolumn
48_MB_16_A+0_2_POS,48_MB_16_A+0_2,,Sample,BATCH_2,48,Plantae,Tracheophyta,Magnoliopsida,Aquifoliales,Aquifoliaceae,Ilex,guayusa,Ilex guayusa (Loes.),"Arbol (perennifolio, hasta 30 m)",Perenne,Erecto,"Agroforesteria tradicional (chakra), organico, sin fertilizantes/pesticidas sinteticos",Hoja,"Napo, Ecuador - Chakra A (Talag)",,"Light (+, >=300 PPFD)","Extraccion asistida por ultrasonido (sonicacion 20 min, diluyente acuoso)",Agua con 2.0% acido formico y 10% acetonitrilo,POS,ACQUITY UPLC CSH C18 1.7um (3.0x50mm) + VanGuard precolumn
49_MB_17_B+2_3_POS,49_MB_17_B+2_3,,Sample,BATCH_2,49,Plantae,Tracheophyta,Magnoliopsida,Aquifoliales,Aquifoliaceae,Ilex,guayusa,Ilex guayusa (Loes.),"Arbol (perennifolio, hasta 30 m)",Perenne,Erecto,"Agroforesteria tradicional (chakra), organico, sin fertilizantes/pesticidas sinteticos",Hoja,"Napo, Ecuador - Chakra B (Alto Pano)",Late (8-10 anios),"Light (+, >=300 PPFD)","Extraccion asistida por ultrasonido (sonicacion 20 min, diluyente acuoso)",Agua con 2.0% acido formico y 10% acetonitrilo,POS,ACQUITY UPLC CSH C18 1.7um (3.0x50mm) + VanGuard precolumn
50_MB_18_A-1_2_POS,50_MB_18_A-1_2,,Sample,BATCH_2,50,Plantae,Tracheophyta,Magnoliopsida,Aquifoliales,Aquifoliaceae,Ilex,guayusa,Ilex guayusa (Loes.),"Arbol (perennifolio, hasta 30 m)",Perenne,Erecto,"Agroforesteria tradicional (chakra), organico, sin fertilizantes/pesticidas sinteticos",Hoja,"Napo, Ecuador - Chakra A (Talag)",Medium (6-8 anios),"Shade (-, 0-200 PPFD)","Extraccion asistida por ultrasonido (sonicacion 20 min, diluyente acuoso)",Agua con 2.0% acido formico y 10% acetonitrilo,POS,ACQUITY UPLC CSH C18 1.7um (3.0x50mm) + VanGuard precolumn
51_MB_19_C-2_2_POS,51_MB_19_C-2_2,,Sample,BATCH_2,51,Plantae,Tracheophyta,Magnoliopsida,Aquifoliales,Aquifoliaceae,Ilex,guayusa,Ilex guayusa (Loes.),"Arbol (perennifolio, hasta 30 m)",Perenne,Erecto,"Agroforesteria tradicional (chakra), organico, sin fertilizantes/pesticidas sinteticos",Hoja,"Napo, Ecuador - Chakra C (Alto Tena)",Late (8-10 anios),"Shade (-, 0-200 PPFD)","Extraccion asistida por ultrasonido (sonicacion 20 min, diluyente acuoso)",Agua con 2.0% acido formico y 10% acetonitrilo,POS,ACQUITY UPLC CSH C18 1.7um (3.0x50mm) + VanGuard precolumn
52_MB_20_C+0_1_POS,52_MB_20_C+0_1,,Sample,BATCH_2,52,Plantae,Tracheophyta,Magnoliopsida,Aquifoliales,Aquifoliaceae,Ilex,guayusa,Ilex guayusa (Loes.),"Arbol (perennifolio, hasta 30 m)",Perenne,Erecto,"Agroforesteria tradicional (chakra), organico, sin fertilizantes/pesticidas sinteticos",Hoja,"Napo, Ecuador - Chakra C (Alto Tena)",,"Light (+, >=300 PPFD)","Extraccion asistida por ultrasonido (sonicacion 20 min, diluyente acuoso)",Agua con 2.0% acido formico y 10% acetonitrilo,POS,ACQUITY UPLC CSH C18 1.7um (3.0x50mm) + VanGuard precolumn
53_POOLED_QC_6_POS,53_POOLED_QC_6,,QC,BATCH_2,53,Plantae,Tracheophyta,Magnoliopsida,Aquifoliales,Aquifoliaceae,Ilex,guayusa,Ilex guayusa (Loes.),"Arbol (perennifolio, hasta 30 m)",Perenne,Erecto,"Agroforesteria tradicional (chakra), organico, sin fertilizantes/pesticidas sinteticos",Hoja,,,,"Extraccion asistida por ultrasonido (sonicacion 20 min, diluyente acuoso)",Agua con 2.0% acido formico y 10% acetonitrilo,POS,ACQUITY UPLC CSH C18 1.7um (3.0x50mm) + VanGuard precolumn
54_MB_21_C-2_3_POS,54_MB_21_C-2_3,,Sample,BATCH_2,54,Plantae,Tracheophyta,Magnoliopsida,Aquifoliales,Aquifoliaceae,Ilex,guayusa,Ilex guayusa (Loes.),"Arbol (perennifolio, hasta 30 m)",Perenne,Erecto,"Agroforesteria tradicional (chakra), organico, sin fertilizantes/pesticidas sinteticos",Hoja,"Napo, Ecuador - Chakra C (Alto Tena)",Late (8-10 anios),"Shade (-, 0-200 PPFD)","Extraccion asistida por ultrasonido (sonicacion 20 min, diluyente acuoso)",Agua con 2.0% acido formico y 10% acetonitrilo,POS,ACQUITY UPLC CSH C18 1.7um (3.0x50mm) + VanGuard precolumn
55_MB_22_C-1_1_POS,55_MB_22_C-1_1,,Sample,BATCH_2,55,Plantae,Tracheophyta,Magnoliopsida,Aquifoliales,Aquifoliaceae,Ilex,guayusa,Ilex guayusa (Loes.),"Arbol (perennifolio, hasta 30 m)",Perenne,Erecto,"Agroforesteria tradicional (chakra), organico, sin fertilizantes/pesticidas sinteticos",Hoja,"Napo, Ecuador - Chakra C (Alto Tena)",Medium (6-8 anios),"Shade (-, 0-200 PPFD)","Extraccion asistida por ultrasonido (sonicacion 20 min, diluyente acuoso)",Agua con 2.0% acido formico y 10% acetonitrilo,POS,ACQUITY UPLC CSH C18 1.7um (3.0x50mm) + VanGuard precolumn
56_MB_23_B+1_3_POS,56_MB_23_B+1_3,,Sample,BATCH_2,56,Plantae,Tracheophyta,Magnoliopsida,Aquifoliales,Aquifoliaceae,Ilex,guayusa,Ilex guayusa (Loes.),"Arbol (perennifolio, hasta 30 m)",Perenne,Erecto,"Agroforesteria tradicional (chakra), organico, sin fertilizantes/pesticidas sinteticos",Hoja,"Napo, Ecuador - Chakra B (Alto Pano)",Medium (6-8 anios),"Light (+, >=300 PPFD)","Extraccion asistida por ultrasonido (sonicacion 20 min, diluyente acuoso)",Agua con 2.0% acido formico y 10% acetonitrilo,POS,ACQUITY UPLC CSH C18 1.7um (3.0x50mm) + VanGuard precolumn
57_MB_24_A+1_2_POS,57_MB_24_A+1_2,,Sample,BATCH_2,57,Plantae,Tracheophyta,Magnoliopsida,Aquifoliales,Aquifoliaceae,Ilex,guayusa,Ilex guayusa (Loes.),"Arbol (perennifolio, hasta 30 m)",Perenne,Erecto,"Agroforesteria tradicional (chakra), organico, sin fertilizantes/pesticidas sinteticos",Hoja,"Napo, Ecuador - Chakra A (Talag)",Medium (6-8 anios),"Light (+, >=300 PPFD)","Extraccion asistida por ultrasonido (sonicacion 20 min, diluyente acuoso)",Agua con 2.0% acido formico y 10% acetonitrilo,POS,ACQUITY UPLC CSH C18 1.7um (3.0x50mm) + VanGuard precolumn
58_MB_25_B-0_3_POS,58_MB_25_B-0_3,,Sample,BATCH_2,58,Plantae,Tracheophyta,Magnoliopsida,Aquifoliales,Aquifoliaceae,Ilex,guayusa,Ilex guayusa (Loes.),"Arbol (perennifolio, hasta 30 m)",Perenne,Erecto,"Agroforesteria tradicional (chakra), organico, sin fertilizantes/pesticidas sinteticos",Hoja,"Napo, Ecuador - Chakra B (Alto Pano)",,"Shade (-, 0-200 PPFD)","Extraccion asistida por ultrasonido (sonicacion 20 min, diluyente acuoso)",Agua con 2.0% acido formico y 10% acetonitrilo,POS,ACQUITY UPLC CSH C18 1.7um (3.0x50mm) + VanGuard precolumn
59_POOLED_QC_7_POS,59_POOLED_QC_7,,QC,BATCH_2,59,Plantae,Tracheophyta,Magnoliopsida,Aquifoliales,Aquifoliaceae,Ilex,guayusa,Ilex guayusa (Loes.),"Arbol (perennifolio, hasta 30 m)",Perenne,Erecto,"Agroforesteria tradicional (chakra), organico, sin fertilizantes/pesticidas sinteticos",Hoja,,,,"Extraccion asistida por ultrasonido (sonicacion 20 min, diluyente acuoso)",Agua con 2.0% acido formico y 10% acetonitrilo,POS,ACQUITY UPLC CSH C18 1.7um (3.0x50mm) + VanGuard precolumn
60_MB_26_A+1_3_POS,60_MB_26_A+1_3,,Sample,BATCH_2,60,Plantae,Tracheophyta,Magnoliopsida,Aquifoliales,Aquifoliaceae,Ilex,guayusa,Ilex guayusa (Loes.),"Arbol (perennifolio, hasta 30 m)",Perenne,Erecto,"Agroforesteria tradicional (chakra), organico, sin fertilizantes/pesticidas sinteticos",Hoja,"Napo, Ecuador - Chakra A (Talag)",Medium (6-8 anios),"Light (+, >=300 PPFD)","Extraccion asistida por ultrasonido (sonicacion 20 min, diluyente acuoso)",Agua con 2.0% acido formico y 10% acetonitrilo,POS,ACQUITY UPLC CSH C18 1.7um (3.0x50mm) + VanGuard precolumn
61_MB_27_A-2_3_POS,61_MB_27_A-2_3,,Sample,BATCH_2,61,Plantae,Tracheophyta,Magnoliopsida,Aquifoliales,Aquifoliaceae,Ilex,guayusa,Ilex guayusa (Loes.),"Arbol (perennifolio, hasta 30 m)",Perenne,Erecto,"Agroforesteria tradicional (chakra), organico, sin fertilizantes/pesticidas sinteticos",Hoja,"Napo, Ecuador - Chakra A (Talag)",Late (8-10 anios),"Shade (-, 0-200 PPFD)","Extraccion asistida por ultrasonido (sonicacion 20 min, diluyente acuoso)",Agua con 2.0% acido formico y 10% acetonitrilo,POS,ACQUITY UPLC CSH C18 1.7um (3.0x50mm) + VanGuard precolumn
62_MB_28_B+2_1_POS,62_MB_28_B+2_1,,Sample,BATCH_2,62,Plantae,Tracheophyta,Magnoliopsida,Aquifoliales,Aquifoliaceae,Ilex,guayusa,Ilex guayusa (Loes.),"Arbol (perennifolio, hasta 30 m)",Perenne,Erecto,"Agroforesteria tradicional (chakra), organico, sin fertilizantes/pesticidas sinteticos",Hoja,"Napo, Ecuador - Chakra B (Alto Pano)",Late (8-10 anios),"Light (+, >=300 PPFD)","Extraccion asistida por ultrasonido (sonicacion 20 min, diluyente acuoso)",Agua con 2.0% acido formico y 10% acetonitrilo,POS,ACQUITY UPLC CSH C18 1.7um (3.0x50mm) + VanGuard precolumn
63_MB_29_C+2_1_POS,63_MB_29_C+2_1,,Sample,BATCH_2,63,Plantae,Tracheophyta,Magnoliopsida,Aquifoliales,Aquifoliaceae,Ilex,guayusa,Ilex guayusa (Loes.),"Arbol (perennifolio, hasta 30 m)",Perenne,Erecto,"Agroforesteria tradicional (chakra), organico, sin fertilizantes/pesticidas sinteticos",Hoja,"Napo, Ecuador - Chakra C (Alto Tena)",Late (8-10 anios),"Light (+, >=300 PPFD)","Extraccion asistida por ultrasonido (sonicacion 20 min, diluyente acuoso)",Agua con 2.0% acido formico y 10% acetonitrilo,POS,ACQUITY UPLC CSH C18 1.7um (3.0x50mm) + VanGuard precolumn
64_MB_30_B-1_1_POS,64_MB_30_B-1_1,,Sample,BATCH_2,64,Plantae,Tracheophyta,Magnoliopsida,Aquifoliales,Aquifoliaceae,Ilex,guayusa,Ilex guayusa (Loes.),"Arbol (perennifolio, hasta 30 m)",Perenne,Erecto,"Agroforesteria tradicional (chakra), organico, sin fertilizantes/pesticidas sinteticos",Hoja,"Napo, Ecuador - Chakra B (Alto Pano)",Medium (6-8 anios),"Shade (-, 0-200 PPFD)","Extraccion asistida por ultrasonido (sonicacion 20 min, diluyente acuoso)",Agua con 2.0% acido formico y 10% acetonitrilo,POS,ACQUITY UPLC CSH C18 1.7um (3.0x50mm) + VanGuard precolumn
65_GC_3_-_POS,65_GC_3_-,,SubQC,BATCH_2,65,Plantae,Tracheophyta,Magnoliopsida,Aquifoliales,Aquifoliaceae,Ilex,guayusa,Ilex guayusa (Loes.),"Arbol (perennifolio, hasta 30 m)",Perenne,Erecto,"Agroforesteria tradicional (chakra), organico, sin fertilizantes/pesticidas sinteticos",Hoja,,,"Shade (-, 0-200 PPFD)","Extraccion asistida por ultrasonido (sonicacion 20 min, diluyente acuoso)",Agua con 2.0% acido formico y 10% acetonitrilo,POS,ACQUITY UPLC CSH C18 1.7um (3.0x50mm) + VanGuard precolumn
66_GC_3_B_POS,66_GC_3_B,,SubQC,BATCH_2,66,Plantae,Tracheophyta,Magnoliopsida,Aquifoliales,Aquifoliaceae,Ilex,guayusa,Ilex guayusa (Loes.),"Arbol (perennifolio, hasta 30 m)",Perenne,Erecto,"Agroforesteria tradicional (chakra), organico, sin fertilizantes/pesticidas sinteticos",Hoja,"Napo, Ecuador - Chakra B (Alto Pano)",,,"Extraccion asistida por ultrasonido (sonicacion 20 min, diluyente acuoso)",Agua con 2.0% acido formico y 10% acetonitrilo,POS,ACQUITY UPLC CSH C18 1.7um (3.0x50mm) + VanGuard precolumn
67_GC_3_1_POS,67_GC_3_1,,SubQC,BATCH_2,67,Plantae,Tracheophyta,Magnoliopsida,Aquifoliales,Aquifoliaceae,Ilex,guayusa,Ilex guayusa (Loes.),"Arbol (perennifolio, hasta 30 m)",Perenne,Erecto,"Agroforesteria tradicional (chakra), organico, sin fertilizantes/pesticidas sinteticos",Hoja,,Medium (6-8 anios),,"Extraccion asistida por ultrasonido (sonicacion 20 min, diluyente acuoso)",Agua con 2.0% acido formico y 10% acetonitrilo,POS,ACQUITY UPLC CSH C18 1.7um (3.0x50mm) + VanGuard precolumn
68_GC_3_A_POS,68_GC_3_A,,SubQC,BATCH_2,68,Plantae,Tracheophyta,Magnoliopsida,Aquifoliales,Aquifoliaceae,Ilex,guayusa,Ilex guayusa (Loes.),"Arbol (perennifolio, hasta 30 m)",Perenne,Erecto,"Agroforesteria tradicional (chakra), organico, sin fertilizantes/pesticidas sinteticos",Hoja,"Napo, Ecuador - Chakra A (Talag)",,,"Extraccion asistida por ultrasonido (sonicacion 20 min, diluyente acuoso)",Agua con 2.0% acido formico y 10% acetonitrilo,POS,ACQUITY UPLC CSH C18 1.7um (3.0x50mm) + VanGuard precolumn
69_GC_3_C_POS,69_GC_3_C,,SubQC,BATCH_2,69,Plantae,Tracheophyta,Magnoliopsida,Aquifoliales,Aquifoliaceae,Ilex,guayusa,Ilex guayusa (Loes.),"Arbol (perennifolio, hasta 30 m)",Perenne,Erecto,"Agroforesteria tradicional (chakra), organico, sin fertilizantes/pesticidas sinteticos",Hoja,"Napo, Ecuador - Chakra C (Alto Tena)",,,"Extraccion asistida por ultrasonido (sonicacion 20 min, diluyente acuoso)",Agua con 2.0% acido formico y 10% acetonitrilo,POS,ACQUITY UPLC CSH C18 1.7um (3.0x50mm) + VanGuard precolumn
70_POOLED_QC_8_POS,70_POOLED_QC_8,,QC,BATCH_2,70,Plantae,Tracheophyta,Magnoliopsida,Aquifoliales,Aquifoliaceae,Ilex,guayusa,Ilex guayusa (Loes.),"Arbol (perennifolio, hasta 30 m)",Perenne,Erecto,"Agroforesteria tradicional (chakra), organico, sin fertilizantes/pesticidas sinteticos",Hoja,,,,"Extraccion asistida por ultrasonido (sonicacion 20 min, diluyente acuoso)",Agua con 2.0% acido formico y 10% acetonitrilo,POS,ACQUITY UPLC CSH C18 1.7um (3.0x50mm) + VanGuard precolumn
71_GC_3_+_POS,71_GC_3_+,,SubQC,BATCH_2,71,Plantae,Tracheophyta,Magnoliopsida,Aquifoliales,Aquifoliaceae,Ilex,guayusa,Ilex guayusa (Loes.),"Arbol (perennifolio, hasta 30 m)",Perenne,Erecto,"Agroforesteria tradicional (chakra), organico, sin fertilizantes/pesticidas sinteticos",Hoja,,,"Light (+, >=300 PPFD)","Extraccion asistida por ultrasonido (sonicacion 20 min, diluyente acuoso)",Agua con 2.0% acido formico y 10% acetonitrilo,POS,ACQUITY UPLC CSH C18 1.7um (3.0x50mm) + VanGuard precolumn
72_GC_3_0_POS,72_GC_3_0,,SubQC,BATCH_2,72,Plantae,Tracheophyta,Magnoliopsida,Aquifoliales,Aquifoliaceae,Ilex,guayusa,Ilex guayusa (Loes.),"Arbol (perennifolio, hasta 30 m)",Perenne,Erecto,"Agroforesteria tradicional (chakra), organico, sin fertilizantes/pesticidas sinteticos",Hoja,,Early (4-6 anios),,"Extraccion asistida por ultrasonido (sonicacion 20 min, diluyente acuoso)",Agua con 2.0% acido formico y 10% acetonitrilo,POS,ACQUITY UPLC CSH C18 1.7um (3.0x50mm) + VanGuard precolumn
73_GC_3_2_POS,73_GC_3_2,,SubQC,BATCH_2,73,Plantae,Tracheophyta,Magnoliopsida,Aquifoliales,Aquifoliaceae,Ilex,guayusa,Ilex guayusa (Loes.),"Arbol (perennifolio, hasta 30 m)",Perenne,Erecto,"Agroforesteria tradicional (chakra), organico, sin fertilizantes/pesticidas sinteticos",Hoja,,Late (8-10 anios),,"Extraccion asistida por ultrasonido (sonicacion 20 min, diluyente acuoso)",Agua con 2.0% acido formico y 10% acetonitrilo,POS,ACQUITY UPLC CSH C18 1.7um (3.0x50mm) + VanGuard precolumn
74_MB_31_A-2_1_POS,74_MB_31_A-2_1,,Sample,BATCH_2,74,Plantae,Tracheophyta,Magnoliopsida,Aquifoliales,Aquifoliaceae,Ilex,guayusa,Ilex guayusa (Loes.),"Arbol (perennifolio, hasta 30 m)",Perenne,Erecto,"Agroforesteria tradicional (chakra), organico, sin fertilizantes/pesticidas sinteticos",Hoja,"Napo, Ecuador - Chakra A (Talag)",Late (8-10 anios),"Shade (-, 0-200 PPFD)","Extraccion asistida por ultrasonido (sonicacion 20 min, diluyente acuoso)",Agua con 2.0% acido formico y 10% acetonitrilo,POS,ACQUITY UPLC CSH C18 1.7um (3.0x50mm) + VanGuard precolumn
75_MB_32_B+2_2_POS,75_MB_32_B+2_2,,Sample,BATCH_2,75,Plantae,Tracheophyta,Magnoliopsida,Aquifoliales,Aquifoliaceae,Ilex,guayusa,Ilex guayusa (Loes.),"Arbol (perennifolio, hasta 30 m)",Perenne,Erecto,"Agroforesteria tradicional (chakra), organico, sin fertilizantes/pesticidas sinteticos",Hoja,"Napo, Ecuador - Chakra B (Alto Pano)",Late (8-10 anios),"Light (+, >=300 PPFD)","Extraccion asistida por ultrasonido (sonicacion 20 min, diluyente acuoso)",Agua con 2.0% acido formico y 10% acetonitrilo,POS,ACQUITY UPLC CSH C18 1.7um (3.0x50mm) + VanGuard precolumn
76_MB_33_C+0_2_POS,76_MB_33_C+0_2,,Sample,BATCH_2,76,Plantae,Tracheophyta,Magnoliopsida,Aquifoliales,Aquifoliaceae,Ilex,guayusa,Ilex guayusa (Loes.),"Arbol (perennifolio, hasta 30 m)",Perenne,Erecto,"Agroforesteria tradicional (chakra), organico, sin fertilizantes/pesticidas sinteticos",Hoja,"Napo, Ecuador - Chakra C (Alto Tena)",,"Light (+, >=300 PPFD)","Extraccion asistida por ultrasonido (sonicacion 20 min, diluyente acuoso)",Agua con 2.0% acido formico y 10% acetonitrilo,POS,ACQUITY UPLC CSH C18 1.7um (3.0x50mm) + VanGuard precolumn
77_MB_34_B-1_2_POS,77_MB_34_B-1_2,,Sample,BATCH_2,77,Plantae,Tracheophyta,Magnoliopsida,Aquifoliales,Aquifoliaceae,Ilex,guayusa,Ilex guayusa (Loes.),"Arbol (perennifolio, hasta 30 m)",Perenne,Erecto,"Agroforesteria tradicional (chakra), organico, sin fertilizantes/pesticidas sinteticos",Hoja,"Napo, Ecuador - Chakra B (Alto Pano)",Medium (6-8 anios),"Shade (-, 0-200 PPFD)","Extraccion asistida por ultrasonido (sonicacion 20 min, diluyente acuoso)",Agua con 2.0% acido formico y 10% acetonitrilo,POS,ACQUITY UPLC CSH C18 1.7um (3.0x50mm) + VanGuard precolumn
78_MB_35_A-1_3_POS,78_MB_35_A-1_3,,Sample,BATCH_2,78,Plantae,Tracheophyta,Magnoliopsida,Aquifoliales,Aquifoliaceae,Ilex,guayusa,Ilex guayusa (Loes.),"Arbol (perennifolio, hasta 30 m)",Perenne,Erecto,"Agroforesteria tradicional (chakra), organico, sin fertilizantes/pesticidas sinteticos",Hoja,"Napo, Ecuador - Chakra A (Talag)",Medium (6-8 anios),"Shade (-, 0-200 PPFD)","Extraccion asistida por ultrasonido (sonicacion 20 min, diluyente acuoso)",Agua con 2.0% acido formico y 10% acetonitrilo,POS,ACQUITY UPLC CSH C18 1.7um (3.0x50mm) + VanGuard precolumn
79_POOLED_QC_9_POS,79_POOLED_QC_9,,QC,BATCH_2,79,Plantae,Tracheophyta,Magnoliopsida,Aquifoliales,Aquifoliaceae,Ilex,guayusa,Ilex guayusa (Loes.),"Arbol (perennifolio, hasta 30 m)",Perenne,Erecto,"Agroforesteria tradicional (chakra), organico, sin fertilizantes/pesticidas sinteticos",Hoja,,,,"Extraccion asistida por ultrasonido (sonicacion 20 min, diluyente acuoso)",Agua con 2.0% acido formico y 10% acetonitrilo,POS,ACQUITY UPLC CSH C18 1.7um (3.0x50mm) + VanGuard precolumn
8_PB_POS,8_PB,,Blank,BATCH_2,8,,,,,,,,,,,,,,,,,"Extraccion asistida por ultrasonido (sonicacion 20 min, diluyente acuoso)",Agua con 2.0% acido formico y 10% acetonitrilo,POS,ACQUITY UPLC CSH C18 1.7um (3.0x50mm) + VanGuard precolumn
80_MB_36_A+0_3_POS,80_MB_36_A+0_3,,Sample,BATCH_2,80,Plantae,Tracheophyta,Magnoliopsida,Aquifoliales,Aquifoliaceae,Ilex,guayusa,Ilex guayusa (Loes.),"Arbol (perennifolio, hasta 30 m)",Perenne,Erecto,"Agroforesteria tradicional (chakra), organico, sin fertilizantes/pesticidas sinteticos",Hoja,"Napo, Ecuador - Chakra A (Talag)",,"Light (+, >=300 PPFD)","Extraccion asistida por ultrasonido (sonicacion 20 min, diluyente acuoso)",Agua con 2.0% acido formico y 10% acetonitrilo,POS,ACQUITY UPLC CSH C18 1.7um (3.0x50mm) + VanGuard precolumn
81_MB_37_B-1_3_POS,81_MB_37_B-1_3,,Sample,BATCH_2,81,Plantae,Tracheophyta,Magnoliopsida,Aquifoliales,Aquifoliaceae,Ilex,guayusa,Ilex guayusa (Loes.),"Arbol (perennifolio, hasta 30 m)",Perenne,Erecto,"Agroforesteria tradicional (chakra), organico, sin fertilizantes/pesticidas sinteticos",Hoja,"Napo, Ecuador - Chakra B (Alto Pano)",Medium (6-8 anios),"Shade (-, 0-200 PPFD)","Extraccion asistida por ultrasonido (sonicacion 20 min, diluyente acuoso)",Agua con 2.0% acido formico y 10% acetonitrilo,POS,ACQUITY UPLC CSH C18 1.7um (3.0x50mm) + VanGuard precolumn
82_MB_38_C+1_2_POS,82_MB_38_C+1_2,,Sample,BATCH_2,82,Plantae,Tracheophyta,Magnoliopsida,Aquifoliales,Aquifoliaceae,Ilex,guayusa,Ilex guayusa (Loes.),"Arbol (perennifolio, hasta 30 m)",Perenne,Erecto,"Agroforesteria tradicional (chakra), organico, sin fertilizantes/pesticidas sinteticos",Hoja,"Napo, Ecuador - Chakra C (Alto Tena)",Medium (6-8 anios),"Light (+, >=300 PPFD)","Extraccion asistida por ultrasonido (sonicacion 20 min, diluyente acuoso)",Agua con 2.0% acido formico y 10% acetonitrilo,POS,ACQUITY UPLC CSH C18 1.7um (3.0x50mm) + VanGuard precolumn
83_MB_39_B+0_1_POS,83_MB_39_B+0_1,,Sample,BATCH_2,83,Plantae,Tracheophyta,Magnoliopsida,Aquifoliales,Aquifoliaceae,Ilex,guayusa,Ilex guayusa (Loes.),"Arbol (perennifolio, hasta 30 m)",Perenne,Erecto,"Agroforesteria tradicional (chakra), organico, sin fertilizantes/pesticidas sinteticos",Hoja,"Napo, Ecuador - Chakra B (Alto Pano)",,"Light (+, >=300 PPFD)","Extraccion asistida por ultrasonido (sonicacion 20 min, diluyente acuoso)",Agua con 2.0% acido formico y 10% acetonitrilo,POS,ACQUITY UPLC CSH C18 1.7um (3.0x50mm) + VanGuard precolumn
84_MB_40_A-0_2_POS,84_MB_40_A-0_2,,Sample,BATCH_2,84,Plantae,Tracheophyta,Magnoliopsida,Aquifoliales,Aquifoliaceae,Ilex,guayusa,Ilex guayusa (Loes.),"Arbol (perennifolio, hasta 30 m)",Perenne,Erecto,"Agroforesteria tradicional (chakra), organico, sin fertilizantes/pesticidas sinteticos",Hoja,"Napo, Ecuador - Chakra A (Talag)",,"Shade (-, 0-200 PPFD)","Extraccion asistida por ultrasonido (sonicacion 20 min, diluyente acuoso)",Agua con 2.0% acido formico y 10% acetonitrilo,POS,ACQUITY UPLC CSH C18 1.7um (3.0x50mm) + VanGuard precolumn
85_POOLED_QC_10_POS,85_POOLED_QC_10,,QC,BATCH_2,85,Plantae,Tracheophyta,Magnoliopsida,Aquifoliales,Aquifoliaceae,Ilex,guayusa,Ilex guayusa (Loes.),"Arbol (perennifolio, hasta 30 m)",Perenne,Erecto,"Agroforesteria tradicional (chakra), organico, sin fertilizantes/pesticidas sinteticos",Hoja,,,,"Extraccion asistida por ultrasonido (sonicacion 20 min, diluyente acuoso)",Agua con 2.0% acido formico y 10% acetonitrilo,POS,ACQUITY UPLC CSH C18 1.7um (3.0x50mm) + VanGuard precolumn
86_MB_41_B+1_1_POS,86_MB_41_B+1_1,,Sample,BATCH_2,86,Plantae,Tracheophyta,Magnoliopsida,Aquifoliales,Aquifoliaceae,Ilex,guayusa,Ilex guayusa (Loes.),"Arbol (perennifolio, hasta 30 m)",Perenne,Erecto,"Agroforesteria tradicional (chakra), organico, sin fertilizantes/pesticidas sinteticos",Hoja,"Napo, Ecuador - Chakra B (Alto Pano)",Medium (6-8 anios),"Light (+, >=300 PPFD)","Extraccion asistida por ultrasonido (sonicacion 20 min, diluyente acuoso)",Agua con 2.0% acido formico y 10% acetonitrilo,POS,ACQUITY UPLC CSH C18 1.7um (3.0x50mm) + VanGuard precolumn
87_MB_42_C-1_2_POS,87_MB_42_C-1_2,,Sample,BATCH_2,87,Plantae,Tracheophyta,Magnoliopsida,Aquifoliales,Aquifoliaceae,Ilex,guayusa,Ilex guayusa (Loes.),"Arbol (perennifolio, hasta 30 m)",Perenne,Erecto,"Agroforesteria tradicional (chakra), organico, sin fertilizantes/pesticidas sinteticos",Hoja,"Napo, Ecuador - Chakra C (Alto Tena)",Medium (6-8 anios),"Shade (-, 0-200 PPFD)","Extraccion asistida por ultrasonido (sonicacion 20 min, diluyente acuoso)",Agua con 2.0% acido formico y 10% acetonitrilo,POS,ACQUITY UPLC CSH C18 1.7um (3.0x50mm) + VanGuard precolumn
88_MB_43_B-2_1_POS,88_MB_43_B-2_1,,Sample,BATCH_2,88,Plantae,Tracheophyta,Magnoliopsida,Aquifoliales,Aquifoliaceae,Ilex,guayusa,Ilex guayusa (Loes.),"Arbol (perennifolio, hasta 30 m)",Perenne,Erecto,"Agroforesteria tradicional (chakra), organico, sin fertilizantes/pesticidas sinteticos",Hoja,"Napo, Ecuador - Chakra B (Alto Pano)",Late (8-10 anios),"Shade (-, 0-200 PPFD)","Extraccion asistida por ultrasonido (sonicacion 20 min, diluyente acuoso)",Agua con 2.0% acido formico y 10% acetonitrilo,POS,ACQUITY UPLC CSH C18 1.7um (3.0x50mm) + VanGuard precolumn
89_MB_44_C+1_3_POS,89_MB_44_C+1_3,,Sample,BATCH_2,89,Plantae,Tracheophyta,Magnoliopsida,Aquifoliales,Aquifoliaceae,Ilex,guayusa,Ilex guayusa (Loes.),"Arbol (perennifolio, hasta 30 m)",Perenne,Erecto,"Agroforesteria tradicional (chakra), organico, sin fertilizantes/pesticidas sinteticos",Hoja,"Napo, Ecuador - Chakra C (Alto Tena)",Medium (6-8 anios),"Light (+, >=300 PPFD)","Extraccion asistida por ultrasonido (sonicacion 20 min, diluyente acuoso)",Agua con 2.0% acido formico y 10% acetonitrilo,POS,ACQUITY UPLC CSH C18 1.7um (3.0x50mm) + VanGuard precolumn
90_MB_45_B-0_1_POS,90_MB_45_B-0_1,,Sample,BATCH_2,90,Plantae,Tracheophyta,Magnoliopsida,Aquifoliales,Aquifoliaceae,Ilex,guayusa,Ilex guayusa (Loes.),"Arbol (perennifolio, hasta 30 m)",Perenne,Erecto,"Agroforesteria tradicional (chakra), organico, sin fertilizantes/pesticidas sinteticos",Hoja,"Napo, Ecuador - Chakra B (Alto Pano)",,"Shade (-, 0-200 PPFD)","Extraccion asistida por ultrasonido (sonicacion 20 min, diluyente acuoso)",Agua con 2.0% acido formico y 10% acetonitrilo,POS,ACQUITY UPLC CSH C18 1.7um (3.0x50mm) + VanGuard precolumn
91_POOLED_QC_11_POS,91_POOLED_QC_11,,QC,BATCH_2,91,Plantae,Tracheophyta,Magnoliopsida,Aquifoliales,Aquifoliaceae,Ilex,guayusa,Ilex guayusa (Loes.),"Arbol (perennifolio, hasta 30 m)",Perenne,Erecto,"Agroforesteria tradicional (chakra), organico, sin fertilizantes/pesticidas sinteticos",Hoja,,,,"Extraccion asistida por ultrasonido (sonicacion 20 min, diluyente acuoso)",Agua con 2.0% acido formico y 10% acetonitrilo,POS,ACQUITY UPLC CSH C18 1.7um (3.0x50mm) + VanGuard precolumn
92_MB_46_C-1_3_POS,92_MB_46_C-1_3,,Sample,BATCH_2,92,Plantae,Tracheophyta,Magnoliopsida,Aquifoliales,Aquifoliaceae,Ilex,guayusa,Ilex guayusa (Loes.),"Arbol (perennifolio, hasta 30 m)",Perenne,Erecto,"Agroforesteria tradicional (chakra), organico, sin fertilizantes/pesticidas sinteticos",Hoja,"Napo, Ecuador - Chakra C (Alto Tena)",Medium (6-8 anios),"Shade (-, 0-200 PPFD)","Extraccion asistida por ultrasonido (sonicacion 20 min, diluyente acuoso)",Agua con 2.0% acido formico y 10% acetonitrilo,POS,ACQUITY UPLC CSH C18 1.7um (3.0x50mm) + VanGuard precolumn
93_MB_47_C+0_3_POS,93_MB_47_C+0_3,,Sample,BATCH_2,93,Plantae,Tracheophyta,Magnoliopsida,Aquifoliales,Aquifoliaceae,Ilex,guayusa,Ilex guayusa (Loes.),"Arbol (perennifolio, hasta 30 m)",Perenne,Erecto,"Agroforesteria tradicional (chakra), organico, sin fertilizantes/pesticidas sinteticos",Hoja,"Napo, Ecuador - Chakra C (Alto Tena)",,"Light (+, >=300 PPFD)","Extraccion asistida por ultrasonido (sonicacion 20 min, diluyente acuoso)",Agua con 2.0% acido formico y 10% acetonitrilo,POS,ACQUITY UPLC CSH C18 1.7um (3.0x50mm) + VanGuard precolumn
94_MB_48_B-0_2_POS,94_MB_48_B-0_2,,Sample,BATCH_2,94,Plantae,Tracheophyta,Magnoliopsida,Aquifoliales,Aquifoliaceae,Ilex,guayusa,Ilex guayusa (Loes.),"Arbol (perennifolio, hasta 30 m)",Perenne,Erecto,"Agroforesteria tradicional (chakra), organico, sin fertilizantes/pesticidas sinteticos",Hoja,"Napo, Ecuador - Chakra B (Alto Pano)",,"Shade (-, 0-200 PPFD)","Extraccion asistida por ultrasonido (sonicacion 20 min, diluyente acuoso)",Agua con 2.0% acido formico y 10% acetonitrilo,POS,ACQUITY UPLC CSH C18 1.7um (3.0x50mm) + VanGuard precolumn
95_MB_49_A-0_3_POS,95_MB_49_A-0_3,,Sample,BATCH_2,95,Plantae,Tracheophyta,Magnoliopsida,Aquifoliales,Aquifoliaceae,Ilex,guayusa,Ilex guayusa (Loes.),"Arbol (perennifolio, hasta 30 m)",Perenne,Erecto,"Agroforesteria tradicional (chakra), organico, sin fertilizantes/pesticidas sinteticos",Hoja,"Napo, Ecuador - Chakra A (Talag)",,"Shade (-, 0-200 PPFD)","Extraccion asistida por ultrasonido (sonicacion 20 min, diluyente acuoso)",Agua con 2.0% acido formico y 10% acetonitrilo,POS,ACQUITY UPLC CSH C18 1.7um (3.0x50mm) + VanGuard precolumn
96_MB_50_B-2_2_POS,96_MB_50_B-2_2,,Sample,BATCH_2,96,Plantae,Tracheophyta,Magnoliopsida,Aquifoliales,Aquifoliaceae,Ilex,guayusa,Ilex guayusa (Loes.),"Arbol (perennifolio, hasta 30 m)",Perenne,Erecto,"Agroforesteria tradicional (chakra), organico, sin fertilizantes/pesticidas sinteticos",Hoja,"Napo, Ecuador - Chakra B (Alto Pano)",Late (8-10 anios),"Shade (-, 0-200 PPFD)","Extraccion asistida por ultrasonido (sonicacion 20 min, diluyente acuoso)",Agua con 2.0% acido formico y 10% acetonitrilo,POS,ACQUITY UPLC CSH C18 1.7um (3.0x50mm) + VanGuard precolumn
97_POOLED_QC_12_POS,97_POOLED_QC_12,,QC,BATCH_2,97,Plantae,Tracheophyta,Magnoliopsida,Aquifoliales,Aquifoliaceae,Ilex,guayusa,Ilex guayusa (Loes.),"Arbol (perennifolio, hasta 30 m)",Perenne,Erecto,"Agroforesteria tradicional (chakra), organico, sin fertilizantes/pesticidas sinteticos",Hoja,,,,"Extraccion asistida por ultrasonido (sonicacion 20 min, diluyente acuoso)",Agua con 2.0% acido formico y 10% acetonitrilo,POS,ACQUITY UPLC CSH C18 1.7um (3.0x50mm) + VanGuard precolumn
98_MB_51_A-2_2_POS,98_MB_51_A-2_2,,Sample,BATCH_2,98,Plantae,Tracheophyta,Magnoliopsida,Aquifoliales,Aquifoliaceae,Ilex,guayusa,Ilex guayusa (Loes.),"Arbol (perennifolio, hasta 30 m)",Perenne,Erecto,"Agroforesteria tradicional (chakra), organico, sin fertilizantes/pesticidas sinteticos",Hoja,"Napo, Ecuador - Chakra A (Talag)",Late (8-10 anios),"Shade (-, 0-200 PPFD)","Extraccion asistida por ultrasonido (sonicacion 20 min, diluyente acuoso)",Agua con 2.0% acido formico y 10% acetonitrilo,POS,ACQUITY UPLC CSH C18 1.7um (3.0x50mm) + VanGuard precolumn
99_MB_52_C+1_1_POS,99_MB_52_C+1_1,,Sample,BATCH_2,99,Plantae,Tracheophyta,Magnoliopsida,Aquifoliales,Aquifoliaceae,Ilex,guayusa,Ilex guayusa (Loes.),"Arbol (perennifolio, hasta 30 m)",Perenne,Erecto,"Agroforesteria tradicional (chakra), organico, sin fertilizantes/pesticidas sinteticos",Hoja,"Napo, Ecuador - Chakra C (Alto Tena)",Medium (6-8 anios),"Light (+, >=300 PPFD)","Extraccion asistida por ultrasonido (sonicacion 20 min, diluyente acuoso)",Agua con 2.0% acido formico y 10% acetonitrilo,POS,ACQUITY UPLC CSH C18 1.7um (3.0x50mm) + VanGuard precolumn
